Colocação,Nome,Equipe,Categoria/Classe,Pontos,Etapa 1 - Jacarei,Etapa II - Campinas,Etapa III - Marília,Etapa IV - Votorantim,Etapa V - São Bernardo,Paulistão - São Paulo
1,LAURA YUMI SASAKI,ASSOCIAÇÃO CULTURAL NIPO BRASILEIRA DE SÃO CAETANO DO SUL/BUNKA-SP,SUB-13 FEM,80,20,20,20,20,,
1,MARIA FERNANDA DE OLIVEIRA LEÃO FERNANDES,CLUBE DE TÊNIS DE MESA JACAREÍ - SP,SUB-19 FEM,80,20,20,20,20,,
1,RICARDO FERRAZ INSELSPERGER,CLUBE ITUANO DE ESPORTES-SP,VETERANO 40 MAS,80,20,20,20,20,,
1,ELIANE MARIA KRUMENERL AVANSO,TEAM MANCINI -SP,VETERANO 55 FEM,80,20,20,20,20,,
1,DANIEL SIDNEY GIMENES,UNASP ENGENHEIRO COELHO - SP,VETERANO 70 MAS,80,20,20,20,20,,
1,MÔNICA YUMIKO MINE,ASSOCIAÇÃO NIKKEY SÃO JOSÉ DOS CAMPOS - SP,LADY 35,74,20,14,20,20,,
1,MAIARA AGNONE SENA ALVES,TEAM MANCINI -SP,SUB-15 FEM,74,20,20,14,20,,
1,CAIO  LOPES DA SILVA,SANTO ANDRÉ / ADSA  - SP,SUB-19 MAS,74,20,20,14,20,,
1,GABRIELLA MARIA DINIZ MOURA ZAGO,SESI-SP/INSTITUTO MATOSTT - SP,SUB-21 FEM,74,20,20,20,14,,
1,MARIA TOMIKO HARADA,ACEMV / PREFEITURA DE VOTORANTIM / SEDESP-SP,VETERANO 75 FEM,74,14,20,20,20,,
1,ALEXANDRE CAVALHEIRO CAMPOS,SOCIEDADE ESPORTIVA PALMEIRAS-SP,SÊNIOR 35,68,14,14,20,20,,
1,ROSELI OKABAYASHI SASAKI,ASSOCIAÇÃO ESPORTIVA RECREATIVA ATEME-SP,VETERANO 45 FEM,68,20,14,20,14,,
1,FÁBIO MIZUTANI,MASTER PONG TT ACADEMIA-SP,VETERANO 50 MAS,68,14,20,20,14,,
1,LENNON BROWN NAOTO IE UEHARA,CLUBE ITUANO DE ESPORTES-SP,ADULTO (MAS),67,7,20,20,20,,
1,PAULO AUGUSTO MARTINEZ,ASSOCIAÇÃO ATLÉTICA SALTENSE-SP,VETERANO 55 MAS,64,10,20,20,14,,
2,MARIANA FRANCO SCHIEFER DOS SANTOS,SOCIEDADE ESPORTIVA PALMEIRAS-SP,LADY 35,62,14,20,14,14,,
1,MANUELLA TASSI BAZO,YARA CLUBE/ACADEMIA NELSON MACHADO/SELJ-MARÍLIA-SP,SUB-07 FEM,62,20,14,14,14,,
2,CLARA TENORIO BEZERRA,CR SALDANHA DA GAMA/SANTA CECÍLIA/FUPES - SP,SUB-07 FEM,60,0,20,20,20,,
1,KAREN SATIE HIGA TENGAN,SANTO ANDRÉ / ADSA  - SP,SUB-09 FEM,60,20,20,0,20,,
1,RAFAEL SUGUIMOTO RAMOS,ASSOCIAÇÃO CULTURAL NIPO BRASILEIRA DE SÃO CAETANO DO SUL/BUNKA-SP,SUB-09 MAS,60,20,20,0,20,,
1,MANUELA DE ASSIS RODRIGUES,TEAM MANCINI -SP,SUB-11 FEM,60,0,20,20,20,,
1,FABIO P NAVARRO,YARA CLUBE/ACADEMIA NELSON MACHADO/SELJ-MARÍLIA-SP,VETERANO 45 MAS,60,10,20,20,10,,
1,DANIELA O LOPES,ASSOCIAÇÃO CULTURAL E DESPORTIVA DE ASSIS - SP,VETERANO 50 FEM,60,0,20,20,20,,
1,LEONARDO DONAGGIO DI MICELI,TEAM MANCINI -SP,SUB-07 MAS,58,20,14,10,14,,
2,MARIA EDUARDA DOS SANTOS CARRIJO CHIQUETTO,CLUBE DE TÊNIS DE MESA JACAREÍ - SP,SUB-19 FEM,56,14,14,14,14,,
2,CRISTINA ERIKO MATSUO MATSUKAWA,ACEMV / PREFEITURA DE VOTORANTIM / SEDESP-SP,VETERANO 55 FEM,56,14,14,14,14,,
1,SABRINA MIYABARA,ASSOCIAÇÃO CULTURAL NIPO BRASILEIRA DE SÃO CAETANO DO SUL/BUNKA-SP,ABSOLUTO A (FEM),54,7,7,20,20,,
2,BENJAMIN TAKATSU CHOI,TEAM MANCINI -SP,SUB-07 MAS,54,0,20,14,20,,
1,FELIPE BARROS MESSIAS,ASSOCIAÇÃO OURINHENSE DE BEM ESTAR-SP,SUB-11 MAS,54,10,14,10,20,,
1,LARISSA TASSI LOBATO,MASTER PONG TT ACADEMIA-SP,VETERANO 40 FEM,54,10,10,20,14,,
2,DANIELLI SILVA VIEIRA KIKUMOTO,SESI-SP/INSTITUTO MATOSTT - SP,VETERANO 45 FEM,54,14,20,0,20,,
2,NEDER ALVES NEVES,MASTER PONG TT ACADEMIA-SP,VETERANO 55 MAS,54,20,0,14,20,,
2,JESSICA SILVA PRATES,ASSOCIAÇÃO NIKKEY SÃO JOSÉ DOS CAMPOS - SP,ABSOLUTO A (FEM),53,20,20,10,3,,
2,LUCAS CARNIELLI CUNHA BUENO,POWER PONG TM/ASSOCIAÇÃO DOS MESATENISTAS DE CAMPINAS-SP,SUB-09 MAS,52,14,10,14,14,,
2,ANA CLARA TURINI DE CARVALHO IMAI,SANTO ANDRÉ / ADSA  - SP,SUB-15 FEM,52,14,14,10,14,,
2,NICOLE DE JESUS SANTOS,ESPORTE CLUBE PRAIA GRANDE - SP,SUB-21 FEM,52,14,14,14,10,,
2,VITOR LUCIANO RIBEIRO DE OLIVEIRA,ASSOCIAÇÃO ATLÉTICA SALTENSE-SP,ADULTO (MAS),51,20,10,14,7,,
2,GABRIELLA TIEN,ASSOCIAÇÃO CULTURAL NIPO BRASILEIRA DE SÃO CAETANO DO SUL/BUNKA-SP,SUB-11 FEM,51,20,7,10,14,,
2,DAVI LEITE LUIZ DE ARAUJO,ASSOCIAÇÃO DESPORTIVA CENTRO OLÍMPICO-SP,SUB-11 MAS,51,20,7,14,10,,
3,JOÃO LIMA MEDEIROS GONÇALVES,TEAM MANCINI -SP,SUB-11 MAS,50,0,20,20,10,,
1,DIEGO DUARTE BARBOZA,SOCIEDADE ESPORTIVA PALMEIRAS-SP,SUB-21 MAS,50,0,20,20,10,,
2,MARCELO APARECIDO PHAIFFER,POWER PONG TM/ASSOCIAÇÃO DOS MESATENISTAS DE CAMPINAS-SP,VETERANO 50 MAS,50,20,10,10,10,,
1,JOANA DOMINGUES DA SILVA PALMEIRA,ASSOCIAÇÃO ATLÉTICA PONTE PRETA COUNTRY CLUB-SP,VETERANO 60 FEM,50,10,20,0,20,,
3,NATÁLIA MASSELA MUNHOZ,CLUBE ITUANO DE ESPORTES-SP,ABSOLUTO A (FEM),48,14,14,10,10,,
1,HEVERTON GUEDES DI BRAZ,ESPORTE CLUBE PRAIA GRANDE - SP,ABSOLUTO A (MAS),48,7,1,20,20,,
2,GUILHERME SIQUEIRA NUNES,CR SALDANHA DA GAMA/SANTA CECÍLIA/FUPES - SP,SUB-21 MAS,48,14,10,10,14,,
2,CARLA MIDORI YOSHIDA ARA,ITAIM KEIKO / JJYAMADA - SP,VETERANO 40 FEM,48,14,14,0,20,,
2,ANA MARIA CARTAROZZI FERRARI,CERÂMICA CLUBE - SP,VETERANO 75 FEM,48,20,14,0,14,,
1,GABRIEL PEREIRA BEZERRA,ACEMV / PREFEITURA DE VOTORANTIM / SEDESP-SP,SÊNIOR 30,47,10,7,20,10,,
1,MATHEUS FLORIANO OLIVEIRA DE LOPES,M2TM CENTRO DE TREINAMENTO DE TÊNIS DE MESA-SP,SÊNIOR 30,47,7,20,0,20,,
1,THEO RYUTA YAMADA,TEAM MANCINI -SP,SUB-13 MAS,47,10,10,20,7,,
3,BEATRIZ TAKATSU CHOI,ASSOCIAÇÃO CULTURAL NIPO BRASILEIRA DE SÃO CAETANO DO SUL/BUNKA-SP,SUB-15 FEM,47,10,10,20,7,,
2,ALEXANDRE DI MICELI DA SILVEIRA,TEAM MANCINI -SP,VETERANO 45 MAS,45,7,14,14,10,,
1,DAIANE OLIVEIRA SILVA,MASTER PONG TT ACADEMIA-SP,ADULTO (FEM),44,0,14,20,10,,
1,KYRLA OLIVEIRA FOGAÇA,ACADEMIA DE TÊNIS DE MESA LIFE PONG - SP,LADY 30,44,14,20,0,10,,
3,RAFAEL HILLA,NEW PONG ACADEMIA DE TÊNIS DE MESA/SJRP-SP,SUB-07 MAS,44,14,10,20,0,,
3,BENJAMIN HILLA,NEW PONG ACADEMIA DE TÊNIS DE MESA/SJRP-SP,SUB-09 MAS,44,10,14,20,0,,
3,PEDRO FERNANDES SACRAMENTO MENTE,ESPORTE CLUBE PRAIA GRANDE - SP,SUB-21 MAS,44,20,14,0,10,,
1,MILTON HIROSHI MORI,M2TM CENTRO DE TREINAMENTO DE TÊNIS DE MESA-SP,VETERANO 60 MAS,44,10,20,0,14,,
1,DAVID EDUARDO JOHNSON PASTOR,ASSOCIAÇÃO ATLÉTICA SALTENSE-SP,VETERANO 60 MAS,44,14,0,20,10,,
2,PEDRO TERÊNCIO FERNANDES,ASSOCIAÇÃO DESPORTIVA CENTRO OLÍMPICO-SP,SUB-13 MAS,42,7,7,14,14,,
2,JONAS TOSHIO RIBEIRO IZUMI,CLUBE DE TÊNIS DE MESA JACAREÍ - SP,SÊNIOR 35,41,20,7,0,14,,
2,YASMIM ANITA DE PAULA DA LUZ,SESI-SP/INSTITUTO MATOSTT - SP,SUB-13 FEM,41,10,7,10,14,,
2,REBECA FERNANDES DA CRUZ,ITAIM KEIKO / JJYAMADA - SP,SUB-13 FEM,41,14,7,10,10,,
2,SARAH BOMFIM WEIZMAN,ASSOCIAÇÃO CULTURAL NIPO BRASILEIRA DE SÃO CAETANO DO SUL/BUNKA-SP,SUB-13 FEM,41,10,14,7,10,,
3,HENRIQUE GRASSI OSAKA,SANTO ANDRÉ / ADSA  - SP,SUB-13 MAS,41,14,7,10,10,,
2,BRENO PANINI SOUZA,ASSOC. NOVA ERA DE T.M.-SP,SUB-19 MAS,41,10,10,7,14,,
2,LUCAS NAOKI OGUCHI,SANTO ANDRÉ / ADSA  - SP,SUB-19 MAS,41,14,14,3,10,,
3,VANDERLEI PEDRO DE SOUZA,ASSOCIAÇÃO ATLÉTICA SALTENSE-SP,VETERANO 50 MAS,41,0,7,14,20,,
2,HALANA DUARTE DOS SANTOS,ASSOCIAÇÃO CULTURAL E ASSISTENCIAL MIE KENJIN DO BRASIL-SP,ADULTO (FEM),40,20,10,0,10,,
2,KARINA RIBEIRO,ACADEMIA DE TÊNIS DE MESA LIFE PONG - SP,LADY 30,40,10,10,10,10,,
4,JOÃO VITOR VIEGAS RIBEIRO,TEAM MANCINI -SP,SUB-13 MAS,40,20,20,0,0,,
1,LEANDRO SANCHES FERREIRA,ESPORTE CLUBE PRAIA GRANDE - SP,SUB-15 MAS,40,20,20,0,0,,
3,CLARA YUKIE MIMURA DE  CASTILHO,CLUBE DE TÊNIS DE MESA JACAREÍ - SP,SUB-19 FEM,40,10,10,10,10,,
3,EMILY NARUMI KOBAYASHI,ESPORTE CLUBE PRAIA GRANDE - SP,SUB-19 FEM,40,10,10,10,10,,
3,THAISA ANGELI SANTINELI VILAR,ASSOCIAÇÃO ESPORTIVA RECREATIVA ATEME-SP,VETERANO 40 FEM,40,20,20,0,0,,
3,ROBERTO BRAZ GARCIA ZANGALI,ITAIM KEIKO / JJYAMADA - SP,VETERANO 45 MAS,40,20,0,0,20,,
1,AREADNE AQUEMI KOMATSU,POWER PONG TM/ASSOCIAÇÃO DOS MESATENISTAS DE CAMPINAS-SP,VETERANO 65 FEM,40,0,20,0,20,,
1,FERNANDO  ROMIO,ITAIM KEIKO / JJYAMADA - SP,VETERANO 65 MAS,40,0,20,0,20,,
3,SAMARA TENÓRIO BEZERRA,AABB-SANTOS-SP,SUB-11 FEM,38,0,14,14,10,,
4,DAVI FRANCISCHETTI DE LIMA,ASSOCIAÇÃO DESPORTIVA CENTRO OLÍMPICO-SP,SUB-11 MAS,38,14,0,10,14,,
2,BRUNO ARANHA MARANTE,ITAIM KEIKO / JJYAMADA - SP,SUB-15 MAS,38,7,10,7,14,,
2,RENATA MARIA TAPXURE HOSHIRO,TÊNIS DE MESA CASA VERDE-MI-SP,VETERANO 50 FEM,38,14,10,0,14,,
3,RODRIGO PROCIDÔNIO RUIZ,ITAIM KEIKO / JJYAMADA - SP,SÊNIOR 35,37,7,10,10,10,,
3,CRISTINA ERIKA HARADA SANBONMATSU,ACEMV / PREFEITURA DE VOTORANTIM / SEDESP-SP,VETERANO 45 FEM,37,10,10,10,7,,
4,MARCIO EIJI SASAKI,ASSOCIAÇÃO ESPORTIVA RECREATIVA ATEME-SP,VETERANO 50 MAS,37,10,14,3,10,,
4,CAYO  SEIICHI AIZAWA,SANTO ANDRÉ / ADSA  - SP,SUB-21 MAS,35,7,7,14,7,,
2,NICOLAS SAKAUE NISHIMURA,ASSOCIAÇÃO CULTURAL NIPO BRASILEIRA DE SÃO CAETANO DO SUL/BUNKA-SP,ABSOLUTO A (MAS),34,3,14,10,7,,
2,LEONARDO ARATA,TOP SPIN BRASIL ACADEMY TENIS DE MESA LTDA-SP,ABSOLUTO A (MAS),34,10,3,7,14,,
2,GABRIELA DELL ARINGA DE ARAUJO,YARA CLUBE/ACADEMIA NELSON MACHADO/SELJ-MARÍLIA-SP,SUB-09 FEM,34,0,0,20,14,,
2,PALOMA OLIVEIRA,ASSOCIAÇÃO RCTM - SP,SUB-09 FEM,34,10,7,10,7,,
4,MARIANA FUZINATO PINA MODESTO,YARA CLUBE/ACADEMIA NELSON MACHADO/SELJ-MARÍLIA-SP,SUB-15 FEM,34,7,7,10,10,,
2,MATEUS CANNIATTI PONCHIO,POWER PONG TM/ASSOCIAÇÃO DOS MESATENISTAS DE CAMPINAS-SP,VETERANO 40 MAS,34,14,10,0,10,,
2,RAFAEL NEPOSIANO MONTEIRO,TEAM MANCINI -SP,VETERANO 40 MAS,34,0,10,14,10,,
4,PATRICIA IKEDA SHIROTA UWAI,ACEMV / PREFEITURA DE VOTORANTIM / SEDESP-SP,VETERANO 45 FEM,34,0,10,14,10,,
3,SANDRA SAYAMA,ACADEMIA DE TÊNIS DE MESA LIFE PONG - SP,VETERANO 50 FEM,34,10,7,10,7,,
3,SERGIO LUIZ INCERPI,CR SALDANHA DA GAMA/SANTA CECÍLIA/FUPES - SP,VETERANO 55 MAS,34,10,10,7,7,,
2,ADEMIR GUSMÃO FONSECA,ESPORTE CLUBE PRAIA GRANDE - SP,VETERANO 70 MAS,34,10,14,0,10,,
5,JOÃO MIGUEL MATOS LIBERATORI,SANTO ANDRÉ / ADSA  - SP,SUB-13 MAS,33,7,3,3,20,,
5,VINÍCIUS TITONELLI MOURA DA SILVA,ACEMV / PREFEITURA DE VOTORANTIM / SEDESP-SP,SUB-21 MAS,33,10,10,10,3,,
6,HENRY SHIGUIO,ASSOCIAÇÃO CULTURAL NIPO BRASILEIRA DE SÃO CAETANO DO SUL/BUNKA-SP,SUB-13 MAS,32,7,14,1,10,,
3,FELIPE ANTONIAZZI DE OLIVEIRA,YARA CLUBE/ACADEMIA NELSON MACHADO/SELJ-MARÍLIA-SP,ADULTO (MAS),31,7,7,10,7,,
4,HELOÍSA DA SILVA GRACIOLLA,ASSOC.JAUENSE DE T.M./PREFEITURA DE JAÚ-SP,SUB-11 FEM,31,10,7,7,7,,
5,ANTÔNIO LORENZO NORBERTO SANTANA DE SOUZA,YARA CLUBE/ACADEMIA NELSON MACHADO/SELJ-MARÍLIA-SP,SUB-11 MAS,31,7,10,7,7,,
5,JULIANA DA SILVA FERREIRA SANTOS,SESI-SP/INSTITUTO MATOSTT - SP,SUB-13 FEM,31,7,10,7,7,,
3,RAPHAEL KENZO TAKANO ITO,ASSOCIAÇÃO CULTURAL NIPO BRASILEIRA DE SÃO CAETANO DO SUL/BUNKA-SP,SUB-15 MAS,31,10,7,14,0,,
5,JACKELINE FERNANDES,SOCIEDADE ESPORTIVA PALMEIRAS-SP,VETERANO 45 FEM,31,7,7,10,7,,
3,AMAURI VIRGILIO,ASSOCIAÇÃO ATLÉTICA PONTE PRETA COUNTRY CLUB-SP,VETERANO 60 MAS,31,10,14,0,7,,
4,MARIA CLARA GINO CRUZ,ASSOC.JAUENSE DE T.M./PREFEITURA DE JAÚ-SP,SUB-09 FEM,30,0,10,10,10,,
5,LUIZA BELTRAME SANTOS,ASSOC.JAUENSE DE T.M./PREFEITURA DE JAÚ-SP,SUB-11 FEM,30,0,10,10,10,,
4,MARCELO DE SOUZA  MARTIN,INST. FAIR PLAY DE DESENVOLVIMENTO ESPORTIVO-SP,SUB-15 MAS,30,3,7,0,20,,
4,REN CAUAN NOSAWA,ASSOCIAÇÃO CULTURAL NIPO BRASILEIRA DE SÃO CAETANO DO SUL/BUNKA-SP,SUB-19 MAS,30,10,7,3,10,,
4,THAIS PALMA VILHENA,ACADEMIA DE TÊNIS DE MESA LIFE PONG - SP,VETERANO 40 FEM,30,10,10,0,10,,
5,MÁRCIO MASSARU SAMBONMATSU,ACEMV / PREFEITURA DE VOTORANTIM / SEDESP-SP,VETERANO 50 MAS,30,10,10,7,3,,
4,FRANK SEIJI IWASHITA,ASSOCIAÇÃO ESPORTIVA RECREATIVA ATEME-SP,VETERANO 55 MAS,30,3,10,10,7,,
4,HIDEYOSHI TANAKA,MASTER PONG TT ACADEMIA-SP,VETERANO 60 MAS,30,20,0,0,10,,
2,TEOCRITO NOEL SILVA CAMARGO,TIME JUNDIAÍ - SP,VETERANO 65 MAS,30,20,10,0,0,,
4,JONATHAN VIVANCO DIAS,ASSOCIAÇÃO CULTURAL E ASSISTENCIAL MIE KENJIN DO BRASIL-SP,ADULTO (MAS),28,14,0,0,14,,
6,MURILO PIOTO SANTOS,POWER PONG TM/ASSOCIAÇÃO DOS MESATENISTAS DE CAMPINAS-SP,SUB-11 MAS,28,7,7,7,7,,
5,LEONARDO SOUSA DE OLIVEIRA,ASSOCIAÇÃO DESPORTIVA CENTRO OLÍMPICO-SP,SUB-15 MAS,28,1,7,10,10,,
5,GIULIA MARTINELLI,SANTO ANDRÉ / ADSA  - SP,SUB-19 FEM,28,7,7,7,7,,
4,EVERTON GONÇALVES VIANNA,MASTER PONG TT ACADEMIA-SP,VETERANO 45 MAS,28,14,0,0,14,,
2,IVONE APARECIDA DOS SANTOS MATSUMOTO,ASSOCIAÇÃO NIKKEY SÃO JOSÉ DOS CAMPOS - SP,VETERANO 65 FEM,28,14,14,0,0,,
3,RODRIGO MEIRELES CARRIL,AFE ARARAQUARA-SP,VETERANO 65 MAS,28,14,14,0,0,,
3,RONALDO SHIGUENORI TOMA,ACEMV / PREFEITURA DE VOTORANTIM / SEDESP-SP,VETERANO 70 MAS,28,14,0,0,14,,
4,SARA APARECIDA PANSERI VICENTIN DOS SANTOS,ASSOCIAÇÃO NIKKEY SÃO JOSÉ DOS CAMPOS - SP,ABSOLUTO A (FEM),27,7,10,7,3,,
5,GUSTAVO DE OLIVEIRA DOS SANTOS,TÊNIS DE MESA CASA VERDE-MI-SP,ADULTO (MAS),27,10,7,0,10,,
5,PEDRO HENRIQUE POLITANO KOBAYASHI,TÊNIS DE MESA CASA VERDE-MI-SP,ADULTO (MAS),27,10,7,0,10,,
3,HENRIQUE EDUARDO FERREIRA DE SOUZA,YARA CLUBE/ACADEMIA NELSON MACHADO/SELJ-MARÍLIA-SP,SÊNIOR 30,27,7,10,3,7,,
4,MICHEL AUGUSTO SARTORATO,TIME JUNDIAÍ - SP,SÊNIOR 35,27,10,3,14,0,,
4,JOAO MARCELO MARGATO LARGUEZA,CLUBE ITUANO DE ESPORTES-SP,SÊNIOR 35,27,0,7,10,10,,
6,LARISSA YUKA TOYOTANI,ASSOCIAÇÃO ESPORTIVA RECREATIVA ATEME-SP,SUB-11 FEM,27,14,10,3,0,,
5,ANNA BEATRIZ DE ANGELI PUDO,KOSMOS CLUBE - SP,SUB-15 FEM,27,3,10,7,7,,
6,WILLIAM EDUARDO RESENDE BUSSOM,NEW PONG - SÃO JOSÉ DO RIO PRETO/SP - ACADEMIA DE TÊNIS DE MESA,SUB-15 MAS,27,7,10,3,7,,
5,CAIO MAKOTO MURAKAMI,ASSOC. NOVA ERA DE T.M.-SP,SUB-19 MAS,27,3,7,10,7,,
5,DAVID SALES DE SOUZA,CR SALDANHA DA GAMA/SANTA CECÍLIA/FUPES - SP,SUB-19 MAS,27,7,10,7,3,,
6,RAFAEL ROSA TAKUSHI,TEAM MANCINI -SP,SUB-21 MAS,27,10,3,7,7,,
5,EVALDO LUÍS MARIANO DE MORAES,ASSOCIAÇÃO ATLÉTICA SALTENSE-SP,VETERANO 55 MAS,27,7,3,7,10,,
5,CHARLEY KENJI SUZUKI,MASTER PONG TT ACADEMIA-SP,VETERANO 60 MAS,27,7,0,0,20,,
6,NATÁLIA YUKI YAGYU,ITAIM KEIKO / JJYAMADA - SP,SUB-15 FEM,25,7,7,1,10,,
4,GABRIEL DE OLIVEIRA AMORIM CAVIQUIO,SANTO ANDRÉ / ADSA  - SP,ABSOLUTO A (MAS),24,7,3,14,0,,
3,ESTEFANI DOS SANTOS TEODORO,ACEMV / PREFEITURA DE VOTORANTIM / SEDESP-SP,ADULTO (FEM),24,10,0,0,14,,
7,GABRIEL YUZO NAGASAKI,ASSOCIAÇÃO DESPORTIVA CENTRO OLÍMPICO-SP,SUB-11 MAS,24,7,10,0,7,,
7,GUSTAVO CHABREGAS DE ANDRADE,ASSOCIAÇÃO DESPORTIVA E CULTURAL ARTE DA LUTA - SP,SUB-11 MAS,24,3,7,7,7,,
7,CLARA FERNANDA DOS SANTOS,CLUBE DE TÊNIS DE MESA JACAREÍ - SP,SUB-15 FEM,24,7,7,7,3,,
7,NICOLAS TAKATSU CHOI,ASSOCIAÇÃO CULTURAL NIPO BRASILEIRA DE SÃO CAETANO DO SUL/BUNKA-SP,SUB-15 MAS,24,7,3,7,7,,
7,THEO ENRICO MURAKAMI TADIMA,ASSOCIAÇÃO CULTURAL NIPO BRASILEIRA DE SÃO CAETANO DO SUL/BUNKA-SP,SUB-15 MAS,24,10,14,0,0,,
4,DANILLO ALEXANDER PEDRA,CLUBE ITUANO DE ESPORTES-SP,VETERANO 40 MAS,24,10,14,0,0,,
6,ADALBERTO PIRES DE CAMPOS,ACEMV / PREFEITURA DE VOTORANTIM / SEDESP-SP,VETERANO 50 MAS,24,3,7,7,7,,
6,NEWTON  TAKAKI,KOSMOS CLUBE - SP,VETERANO 55 MAS,24,14,0,0,10,,
4,ALMO BRACCESI,TEAM MANCINI -SP,VETERANO 70 MAS,24,7,10,0,7,,
5,SARAH ALCÂNTARA SPÍNOLA MARTINS,ESPORTE CLUBE PRAIA GRANDE - SP,ABSOLUTO A (FEM),23,10,3,0,10,,
5,EDIANE PELLIZZARO BRESCIANI,CLUBE ITUANO DE ESPORTES-SP,ABSOLUTO A (FEM),23,1,1,14,7,,
5,THIAGO  PRADELLA,ITAIM KEIKO / JJYAMADA - SP,ABSOLUTO A (MAS),23,7,3,3,10,,
7,JULIA BRABO SILVA,YARA CLUBE/ACADEMIA NELSON MACHADO/SELJ-MARÍLIA-SP,SUB-11 FEM,23,10,3,3,7,,
7,PEDRO HENRIQUE OLIVEIRA DE MORAES,KOSMOS CLUBE - SP,SUB-13 MAS,23,3,10,7,3,,
7,VINÍCIUS JUN SUNAMI,ASSOCIAÇÃO DESPORTIVA CENTRO OLÍMPICO-SP,SUB-13 MAS,23,10,3,7,3,,
7,CAMILA MIKA SERIKAWA,CLUBE ITUANO DE ESPORTES-SP,ABSOLUTO A (FEM),22,1,7,7,7,,
7,GIOVANA YUNA SHIOZAKI,CLUBE ITUANO DE ESPORTES-SP,ABSOLUTO A (FEM),22,7,1,7,7,,
7,MATHEUS YUJI KOJIMA KUGERT,SANTO ANDRÉ / ADSA  - SP,SUB-19 MAS,22,7,1,7,7,,
4,MARINA FLORA GARCIA,CLUBE ITUANO DE ESPORTES-SP,ADULTO (FEM),21,14,0,0,7,,
7,IGOR PADOVAN,ASSOCIAÇÃO ATLÉTICA SALTENSE-SP,ADULTO (MAS),21,7,1,10,3,,
8,ANA CLARA DE OLIVEIRA MACÊRA,YARA CLUBE/ACADEMIA NELSON MACHADO/SELJ-MARÍLIA-SP,SUB-11 FEM,21,7,0,7,7,,
8,MANUELA LIMA,SOCIEDADE ESPORTIVA PALMEIRAS-SP,SUB-11 FEM,21,7,7,7,0,,
6,HELOÍSA ROMIO DA SILVA,ASSOCIAÇÃO DESPORTIVA CENTRO OLÍMPICO-SP,SUB-13 FEM,21,0,0,14,7,,
6,VICTORIA CAROPRESO PASSARELLA,SOCIEDADE ESPORTIVA PALMEIRAS-SP,SUB-13 FEM,21,0,7,7,7,,
3,LAURA MAYUMI MATUMOTO GOZOLI,ACEMV / PREFEITURA DE VOTORANTIM / SEDESP-SP,SUB-21 FEM,21,0,7,7,7,,
7,FLAVIO MITSUO MATUGUMA,ITAIM KEIKO / JJYAMADA - SP,VETERANO 55 MAS,21,7,14,0,0,,
5,RUBENS FRANCISCO DE CAMPOS JUNIOR,ASSOC. NOVA ERA DE T.M.-SP,VETERANO 70 MAS,21,0,0,14,7,,
9,TAMYRES TIEMI FUKASE,CR SALDANHA DA GAMA/SANTA CECÍLIA/FUPES - SP,ABSOLUTO A (FEM),20,10,10,0,0,,
6,FELIPE HIDEKI DOTI ARADO,ASSOCIAÇÃO CULTURAL NIPO BRASILEIRA DE SÃO CAETANO DO SUL/BUNKA-SP,ABSOLUTO A (MAS),20,0,20,0,0,,
6,LUAN BRUNO PARRA BARBOSA,NEW PONG ACADEMIA DE TÊNIS DE MESA/SJRP-SP,ABSOLUTO A (MAS),20,20,0,0,0,,
6,VICTOR YUE,MASTER PONG TT ACADEMIA-SP,ABSOLUTO A (MAS),20,0,10,0,10,,
5,JÚLIA LAINA DE SOUSA,ASSOC. NOVA ERA DE T.M.-SP,ADULTO (FEM),20,0,0,0,20,,
5,GIOVANNA FARIA,CR SALDANHA DA GAMA/SANTA CECÍLIA/FUPES - SP,ADULTO (FEM),20,0,20,0,0,,
3,CINTIA NAGANO CARMO,ACADEMIA DE TÊNIS DE MESA LIFE PONG - SP,LADY 30,20,20,0,0,0,,
3,CAROLINA GARCIA,ASSOCIAÇÃO ESPORTIVA RECREATIVA ATEME-SP,LADY 35,20,10,10,0,0,,
3,MARINA MARIANO DE OLIVEIRA,MASTER PONG TT ACADEMIA-SP,LADY 35,20,10,10,0,0,,
4,ITALO HENRIQUE DOS SANTOS CESAR,CLUBE DE TÊNIS DE MESA JACAREÍ - SP,SÊNIOR 30,20,20,0,0,0,,
4,ALBERTO DOS SANTOS TAVARES FILHO,AFE ARARAQUARA-SP,SÊNIOR 30,20,0,14,3,3,,
4,GUILHERME DE MAGALHÃES DEBONI,ASSOCIAÇÃO ESPORTIVA RECREATIVA ATEME-SP,SÊNIOR 30,20,0,7,10,3,,
6,LUIZ HENRIQUE DIAS,NOSSO CLUBE DE LIMEIRA-SP,SÊNIOR 35,20,0,20,0,0,,
6,MAURICIO MAKOTO NARITA,ACADEMIA DUNAMIS DE TÊNIS DE MESA-SP,SÊNIOR 35,20,10,3,0,7,,
4,JOÃO PEDRO MARTINS CARVALHO,YARA CLUBE/ACADEMIA NELSON MACHADO/SELJ-MARÍLIA-SP,SUB-09 MAS,20,0,10,10,0,,
8,ALÍCIA DUARTE ANDRADE,ESPORTE CLUBE PRAIA GRANDE - SP,SUB-15 FEM,20,10,3,0,7,,
9,FELIPE GERMANO VIEIRA DE CASTRO,ITAIM KEIKO / JJYAMADA - SP,SUB-15 MAS,20,3,7,3,7,,
9,MATHEUS ANDRIOLO TAMBELLINI,ASSOCIAÇAO DOS MESATENISTAS DE TAUBATÉ - SP,SUB-15 MAS,20,3,3,7,7,,
9,VITOR KENZO THIOFILO,TEAM MANCINI -SP,SUB-15 MAS,20,0,0,20,0,,
6,ANA CLARA PIRES GONZALES,ASSOC. NOVA ERA DE T.M.-SP,SUB-19 FEM,20,3,3,7,7,,
8,LEANDRO SANCHES FERREIRA,ESPORTE CLUBE PRAIA GRANDE - SP,SUB-19 MAS,20,0,0,20,0,,
4,BRUNNA RODRIGUES DE MELO ROSA,ASSOCIAÇÃO CULTURAL NIPO BRASILEIRA DE SÃO CAETANO DO SUL/BUNKA-SP,SUB-21 FEM,20,0,0,0,20,,
4,MARIA EDUARDA PAIVA DA SILVA,CR SALDANHA DA GAMA/SANTA CECÍLIA/FUPES - SP,SUB-21 FEM,20,0,10,0,10,,
4,GABRIELA TEIXEIRA SPILARI,YARA CLUBE/ACADEMIA NELSON MACHADO/SELJ-MARÍLIA-SP,SUB-21 FEM,20,0,10,10,0,,
4,MARIA ELOISA MENEZES PEREIRA BALBINO,YARA CLUBE/ACADEMIA NELSON MACHADO/SELJ-MARÍLIA-SP,SUB-21 FEM,20,10,0,10,0,,
7,GIOVANNI DIAS,SANTO ANDRÉ / ADSA  - SP,SUB-21 MAS,20,3,7,7,3,,
7,GABRIEL DE OLIVEIRA AMORIM CAVIQUIO,SANTO ANDRÉ / ADSA  - SP,SUB-21 MAS,20,0,0,0,20,,
6,BIANCA REGINA CHIROSA HORIE,ITAIM KEIKO / JJYAMADA - SP,VETERANO 45 FEM,20,10,0,0,10,,
5,HEITOR HIROSHI CHAYA,CERÂMICA CLUBE - SP,VETERANO 45 MAS,20,10,10,0,0,,
2,CLEUSA NAOKO TOTAKE TAGUCHI,ITAIM KEIKO / JJYAMADA - SP,VETERANO 60 FEM,20,20,0,0,0,,
3,TOYOMI ADACHI,ASSOC. NOVA ERA DE T.M.-SP,VETERANO 65 FEM,20,20,0,0,0,,
1,VERA LÍGIA CANTIEIRO BINOTTO,ASSOCIAÇÃO RCTM - SP,VETERANO 70 FEM,20,0,20,0,0,,
6,DEVANIR DE ARAUJO CERVI,AFE ARARAQUARA-SP,VETERANO 70 MAS,20,10,0,10,0,,
1,NELSON AZEVEDO CARDOSO,TEAM MANCINI -SP,VETERANO 75 MAS,20,20,0,0,0,,
12,EDUARDO RIBEIRO AZEVEDO,ITAIM KEIKO / JJYAMADA - SP,SUB-15 MAS,19,3,3,3,10,,
10,MARINA  MICHELIN,ASSOC. NOVA ERA DE T.M.-SP,ABSOLUTO A (FEM),18,3,1,7,7,,
9,ERIC DE ARAÚJO MANCINI,TEAM MANCINI -SP,ABSOLUTO A (MAS),18,0,1,10,7,,
9,GUILHERME JUN HOJO,ITAIM KEIKO / JJYAMADA - SP,SUB-11 MAS,18,7,7,3,1,,
8,EDISON FERNANDO MUSSI,TIME JUNDIAÍ - SP,VETERANO 55 MAS,18,1,7,10,0,,
10,LUIGI KENDI TOCUDA YAMANE,ASSOCIAÇÃO CULTURAL NIPO BRASILEIRA DE SÃO CAETANO DO SUL/BUNKA-SP,ABSOLUTO A (MAS),17,7,7,3,0,,
7,CAROLINA TERUMI HOSHIRO,TÊNIS DE MESA CASA VERDE-MI-SP,ADULTO (FEM),17,0,10,0,7,,
8,ALEX EIKI SACCAI,TÊNIS DE MESA CASA VERDE-MI-SP,ADULTO (MAS),17,0,10,0,7,,
5,ALEXANDRE BORNIOTTI JACON,JAU PONG TÊNIS DE MESA LTDA-SP,SUB-09 MAS,17,0,0,7,10,,
9,EDUARDO VIEIRA DOS SANTOS NEVES,UCEG-UNIÃO CULTURAL E ESPORTIVA GUARULHENSE-SP,SUB-13 MAS,17,0,3,7,7,,
9,LUIZ FELIPE DIAS MENDES,TOP SPIN BRASIL ACADEMY TENIS DE MESA LTDA-SP,SUB-13 MAS,17,0,7,3,7,,
9,PLÍNIO GUINOSA AOKI,ITAIM KEIKO / JJYAMADA - SP,SUB-13 MAS,17,3,1,10,3,,
13,FREDERICO ALCÂNTARA SPÍNOLA MARTINS,ESPORTE CLUBE PRAIA GRANDE - SP,SUB-15 MAS,17,14,3,0,0,,
9,VITOR HUGO EVARISTO PINTO,SESI-SP/INSTITUTO MATOSTT - SP,SUB-19 MAS,17,3,1,10,3,,
9,TIAGO FUZINATO PINA MODESTO,YARA CLUBE/ACADEMIA NELSON MACHADO/SELJ-MARÍLIA-SP,SUB-21 MAS,17,7,3,7,0,,
5,MARCO JIM GUI VALLIN,POWER PONG TM/ASSOCIAÇÃO DOS MESATENISTAS DE CAMPINAS-SP,VETERANO 40 MAS,17,7,7,0,3,,
5,EVANDRO AZEVEDO NETO,ACADEMIA DE TÊNIS DE MESA LIFE PONG - SP,VETERANO 40 MAS,17,10,0,0,7,,
6,CARLOS ALBERTO  OLIVEIRA  MARTIN,INST. FAIR PLAY DE DESENVOLVIMENTO ESPORTIVO-SP,VETERANO 45 MAS,17,0,10,0,7,,
4,ADRIANA ROSA DE OLIVEIRA,SESI-SP/INSTITUTO MATOSTT - SP,VETERANO 50 FEM,17,7,10,0,0,,
3,JANI AKIKO FUKUSEN CHEN,KOSMOS CLUBE - SP,VETERANO 60 FEM,17,7,10,0,0,,
12,LÉO MAGNANI ARANHA RIBEIRO,ITAIM KEIKO / JJYAMADA - SP,SUB-13 MAS,16,7,1,7,1,,
9,GABRIELA SAYURI SAITO,ACEMV / PREFEITURA DE VOTORANTIM / SEDESP-SP,SUB-15 FEM,16,7,3,3,3,,
14,FELIPE KENZO ASSUNÇÃO SANTOS,ITAIM KEIKO / JJYAMADA - SP,SUB-15 MAS,16,7,3,3,3,,
10,LUCAS AKIO TOCUDA YAMANE,ASSOCIAÇÃO CULTURAL NIPO BRASILEIRA DE SÃO CAETANO DO SUL/BUNKA-SP,SUB-19 MAS,16,3,3,3,7,,
11,GUSTAVO MINAMI USHISIMA,TOP SPIN BRASIL ACADEMY TENIS DE MESA LTDA-SP,ABSOLUTO A (MAS),15,0,1,7,7,,
11,LANA NAMIE KANO OZEKI,ITAIM KEIKO / JJYAMADA - SP,ABSOLUTO A (FEM),14,0,0,0,14,,
11,LAIS MIKA YUTA,ACEAS NIKKEI SUZANO - SP,ABSOLUTO A (FEM),14,1,7,3,3,,
12,ALLAN VALMIR AGUILAR GUERRERO SARMENTO,MASTER PONG TT ACADEMIA-SP,ABSOLUTO A (MAS),14,14,0,0,0,,
12,GUILHERME SPINELLI,ASSOCIAÇÃO NIKKEY SÃO JOSÉ DOS CAMPOS - SP,ABSOLUTO A (MAS),14,1,3,7,3,,
12,VICTOR HUGO DE SOUZA MOURA,AFE ARARAQUARA-SP,ABSOLUTO A (MAS),14,3,1,3,7,,
8,ANA CLAUDIA CRESSONI DE CONTI,NEW PONG - SÃO JOSÉ DO RIO PRETO/SP - ACADEMIA DE TÊNIS DE MESA,ADULTO (FEM),14,0,0,14,0,,
9,PEDRO HENRIQUE GUEDES REZENDE PINTO,ESPORTE CLUBE PRAIA GRANDE - SP,ADULTO (MAS),14,0,14,0,0,,
4,CELIA TOLEDO,ASSOCIAÇÃO RCTM - SP,LADY 30,14,0,14,0,0,,
7,DE HONG JUNG,ASSOCIAÇÃO NIKKEY SÃO JOSÉ DOS CAMPOS - SP,SÊNIOR 30,14,14,0,0,0,,
7,EDUARDO HENRIQUE FERRI SALINAS,NEW PONG - SÃO JOSÉ DO RIO PRETO/SP - ACADEMIA DE TÊNIS DE MESA,SÊNIOR 30,14,0,0,14,0,,
7,MANUEL FREITAS CHAMBEL PAIVA,ITAIM KEIKO / JJYAMADA - SP,SÊNIOR 30,14,0,0,0,14,,
8,RAFAEL NAKAMURA,CLUBE DE TÊNIS DE MESA DE PINDAMONHANGABA - SP,SÊNIOR 35,14,7,7,0,0,,
5,LIZZY SANCHES TOHYAMA,ASSOCIAÇÃO CULTURAL E DESPORTIVA DE ASSIS - SP,SUB-09 FEM,14,0,0,14,0,,
10,CAROLINE MESSIAS LOUREIRO,YARA CLUBE/ACADEMIA NELSON MACHADO/SELJ-MARÍLIA-SP,SUB-11 FEM,14,0,0,7,7,,
10,LAVINIA MARQUES DE SOUZA,SESI-SP/INSTITUTO MATOSTT - SP,SUB-11 FEM,14,7,7,0,0,,
8,EMILY PRADO ROCCHI FOGAGNOLO,JAU PONG TÊNIS DE MESA LTDA-SP,SUB-13 FEM,14,0,7,7,0,,
13,PEDRO YUJI VISKI TOYOTANI,TEAM MANCINI -SP,SUB-13 MAS,14,3,7,3,1,,
10,GRAZIELA MAYUMI UENO,SANTO ANDRÉ / ADSA  - SP,SUB-15 FEM,14,1,3,3,7,,
10,ANA CLARA MICELI ARENAS,SANTO ANDRÉ / ADSA  - SP,SUB-15 FEM,14,3,7,3,1,,
10,MARIA EDUARDA PIETRA OLIVEIRA FURNO,CR SALDANHA DA GAMA/SANTA CECÍLIA/FUPES - SP,SUB-15 FEM,14,3,3,7,1,,
15,MURILO TASSI,YARA CLUBE/ACADEMIA NELSON MACHADO/SELJ-MARÍLIA-SP,SUB-15 MAS,14,1,3,10,0,,
8,GABRIELLE FREITAS DE REZENDE,SESI-SP/INSTITUTO MATOSTT - SP,SUB-21 FEM,14,0,7,7,0,,
5,ANGELA CRISTINA DE OLIVEIRA MARQUES,YARA CLUBE/ACADEMIA NELSON MACHADO/SELJ-MARÍLIA-SP,VETERANO 40 FEM,14,0,0,14,0,,
7,ERONILDES NICOLAU MATIAS JÚNIOR,ACADEMIA DE TÊNIS DE MESA LIFE PONG - SP,VETERANO 40 MAS,14,0,0,0,14,,
7,FERNANDA MARA DOS SANTOS,ASSOCIAÇÃO NIKKEY SÃO JOSÉ DOS CAMPOS - SP,VETERANO 45 FEM,14,7,0,0,7,,
7,MÁRCIO ROGÉRIO CALIXTO PEREIRA,ACEMV / PREFEITURA DE VOTORANTIM / SEDESP-SP,VETERANO 45 MAS,14,7,0,0,7,,
7,MANUEL NUNES BAPTISTA,ACADEMIA DE TÊNIS DE MESA LIFE PONG - SP,VETERANO 50 MAS,14,7,0,0,7,,
4,MONICA CRISTINA CAMARGO NEVES,YARA CLUBE/ACADEMIA NELSON MACHADO/SELJ-MARÍLIA-SP,VETERANO 60 FEM,14,0,0,14,0,,
4,TOYOMI ADACHI,ASSOC. NOVA ERA DE T.M.-SP,VETERANO 60 FEM,14,0,14,0,0,,
6,LUIZ CARLOS DE SOUZA,YARA CLUBE/ACADEMIA NELSON MACHADO/SELJ-MARÍLIA-SP,VETERANO 60 MAS,14,0,0,14,0,,
13,BRUNNA RODRIGUES DE MELO ROSA,ASSOCIAÇÃO CULTURAL NIPO BRASILEIRA DE SÃO CAETANO DO SUL/BUNKA-SP,ABSOLUTO A (FEM),13,3,7,3,0,,
15,FELIPE EIKI TAGAMI IKEDA,ASSOCIAÇÃO CULTURAL NIPO BRASILEIRA DE SÃO CAETANO DO SUL/BUNKA-SP,ABSOLUTO A (MAS),13,3,0,7,3,,
15,VICTOR ARAKI,TOP SPIN BRASIL ACADEMY TENIS DE MESA LTDA-SP,ABSOLUTO A (MAS),13,3,7,0,3,,
10,DÊNIS CORRÊA MATSUI.,ASSOCIAÇÃO ATLÉTICA SALTENSE-SP,ADULTO (MAS),13,3,3,7,0,,
10,WEMERSON MARCOS SILVA SANTOS,ASSOCIAÇÃO RCTM - SP,SÊNIOR 30,13,0,3,7,3,,
10,JOÃO VICTOR ROCHA SOARES,ITAIM KEIKO / JJYAMADA - SP,SÊNIOR 30,13,3,0,0,10,,
14,IGOR KOITI HIGA TENGAN,SANTO ANDRÉ / ADSA  - SP,SUB-13 MAS,13,3,3,0,7,,
8,FLÁVIO TSUDA,POWER PONG TM/ASSOCIAÇÃO DOS MESATENISTAS DE CAMPINAS-SP,VETERANO 50 MAS,13,3,7,0,3,,
16,YAN REZENDE DE FARIA,SESI-SP/INSTITUTO MATOSTT - SP,SUB-15 MAS,12,3,3,3,3,,
16,DANIEL HIROYUKI IZUMI,CLUBE DE TÊNIS DE MESA JACAREÍ - SP,SUB-15 MAS,12,3,1,7,1,,
11,GABRIEL CALIMAN RUIZ,SANTO ANDRÉ / ADSA  - SP,SUB-19 MAS,12,7,1,1,3,,
12,VITOR KENJI MOTIZUKI UIEDA,ASSOCIAÇÃO CULTURAL NIPO BRASILEIRA DE SÃO CAETANO DO SUL/BUNKA-SP,SUB-19 MAS,11,0,7,1,3,,
9,SANDRO FRANCO DA MOTTA,MASTER PONG TT ACADEMIA-SP,VETERANO 55 MAS,11,1,7,0,3,,
17,HAMILTON KENZO HATO YAMANE,ASSOCIAÇÃO CULTURAL NIPO BRASILEIRA DE SÃO CAETANO DO SUL/BUNKA-SP,ABSOLUTO A (MAS),10,0,10,0,0,,
17,KIM TAKAYASU IWASAKI,CR SALDANHA DA GAMA/SANTA CECÍLIA/FUPES - SP,ABSOLUTO A (MAS),10,10,0,0,0,,
9,KAROLEN SANTANA ROSSI,NEW PONG - SÃO JOSÉ DO RIO PRETO/SP - ACADEMIA DE TÊNIS DE MESA,ADULTO (FEM),10,0,0,10,0,,
9,MARCELA DE OLIVEIRA SPINELLI,"INSTITUTO SOCIAL, CULTURAL E ESPORTIVO DE SERTÃOZINHO-SP",ADULTO (FEM),10,0,0,10,0,,
5,FRANCINE CRISTINA DOS SANTOS,"INSTITUTO SOCIAL, CULTURAL E ESPORTIVO DE SERTÃOZINHO-SP",LADY 30,10,0,0,10,0,,
12,FABRÍCIO DE SOUZA MARUTA,POWER PONG TM/ASSOCIAÇÃO DOS MESATENISTAS DE CAMPINAS-SP,SÊNIOR 30,10,3,7,0,0,,
12,MARCELO DE SOTTI SABBO SANCHES,NEW PONG - SÃO JOSÉ DO RIO PRETO/SP - ACADEMIA DE TÊNIS DE MESA,SÊNIOR 30,10,0,0,10,0,,
12,MATEUS SUEKI RIBEIRO IZUMI,CLUBE DE TÊNIS DE MESA DE PINDAMONHANGABA - SP,SÊNIOR 30,10,10,0,0,0,,
12,WAMBERTO  MATSUDA FREIRE,SANTO ANDRÉ / ADSA  - SP,SÊNIOR 30,10,0,10,0,0,,
9,RODRIGO DA COSTA ALVES,CERÂMICA CLUBE - SP,SÊNIOR 35,10,0,10,0,0,,
9,BRUNO FELIPE DE SOUZA ARAÚJO,ACEMV / PREFEITURA DE VOTORANTIM / SEDESP-SP,SÊNIOR 35,10,3,0,0,7,,
9,TIAGO SILVA KAKEYA,ASSOC. NOVA ERA DE T.M.-SP,SÊNIOR 35,10,3,0,0,7,,
6,DAVI MAGNANI RODRIGUES PADULA,YARA CLUBE/ACADEMIA NELSON MACHADO/SELJ-MARÍLIA-SP,SUB-09 MAS,10,0,0,10,0,,
10,PEDRO HENRIQUE SILVA TEODORO,CR SALDANHA DA GAMA/SANTA CECÍLIA/FUPES - SP,SUB-11 MAS,10,10,0,0,0,,
9,ANA JÚLIA SIMÕES CACERES,ASSOCIAÇÃO DESPORTIVA CENTRO OLÍMPICO-SP,SUB-13 FEM,10,0,0,3,7,,
9,BIANCA RODRIGUES PACHECO BORGES,TEAM MANCINI -SP,SUB-13 FEM,10,0,10,0,0,,
15,ARTHUR RYUICHI MOREIRA FUKUDA,UCEG-UNIÃO CULTURAL E ESPORTIVA GUARULHENSE-SP,SUB-13 MAS,10,1,3,3,3,,
15,GABRIEL JOSÉ MENEZES BALBINO PEREIRA,YARA CLUBE/ACADEMIA NELSON MACHADO/SELJ-MARÍLIA-SP,SUB-13 MAS,10,3,1,3,3,,
13,MARIA FERNANDA CHARANTOLA,YARA CLUBE/ACADEMIA NELSON MACHADO/SELJ-MARÍLIA-SP,SUB-15 FEM,10,3,3,1,3,,
18,DAVID DOS REIS TOMAZ,SANTO ANDRÉ / ADSA  - SP,SUB-15 MAS,10,3,3,3,1,,
7,BIANCA ZANINI BALDI DE SOUZA,ESPORTE CLUBE PRAIA GRANDE - SP,SUB-19 FEM,10,3,7,0,0,,
13,DANIEL CANTO GONÇALVES,CLUBE DE TÊNIS DE MESA JACAREÍ - SP,SUB-19 MAS,10,3,3,3,1,,
13,GUILHERME HENRIQUE DINIZ LIMA,CLUBE DE TÊNIS DE MESA JACAREÍ - SP,SUB-19 MAS,10,3,7,0,0,,
6,JANY LUCIA MANTOVAN YASSUDA,NEW PONG - SÃO JOSÉ DO RIO PRETO/SP - ACADEMIA DE TÊNIS DE MESA,VETERANO 40 FEM,10,0,0,10,0,,
8,MARCO AURÉLIO LEMES,TIME JUNDIAÍ - SP,VETERANO 40 MAS,10,7,3,0,0,,
8,NILSON NOBORU TOHYAMA,ASSOCIAÇÃO CULTURAL E DESPORTIVA DE ASSIS - SP,VETERANO 40 MAS,10,0,0,10,0,,
8,THIAGO SILVA CERQUEIRA,ASSOC. NOVA ERA DE T.M.-SP,VETERANO 40 MAS,10,0,0,10,0,,
8,GUILHERME RIGGIO IFANGER,POWER PONG TM/ASSOCIAÇÃO DOS MESATENISTAS DE CAMPINAS-SP,VETERANO 40 MAS,10,0,7,0,3,,
8,ANDERSON MACHIDA NAGANO,ASSOCIAÇÃO CULTURAL E ASSISTENCIAL MIE KENJIN DO BRASIL-SP,VETERANO 40 MAS,10,3,0,0,7,,
8,CARLOS ALBERTO MAIELLO JUNIOR,ASSOC. NOVA ERA DE T.M.-SP,VETERANO 45 MAS,10,0,0,10,0,,
9,RODRIGO SÉ PATRÍCIO DE BARROS,ASSOC. NOVA ERA DE T.M.-SP,VETERANO 50 MAS,10,0,0,10,0,,
6,DIRCE TAVARES DA SILVA MOREIRA,SESI-SP/INSTITUTO MATOSTT,VETERANO 60 FEM,10,10,0,0,0,,
6,LAURA SILVIA DE ALMEIDA MISAEL,ASSOCIAÇÃO CULTURAL E DESPORTIVA DE ASSIS - SP,VETERANO 60 FEM,10,0,0,10,0,,
7,NELSON TOSHIMITSU AZUMA,ASSOCIAÇÃO NIKKEY SÃO JOSÉ DOS CAMPOS - SP,VETERANO 60 MAS,10,3,0,0,7,,
7,EDSON APARECIDO LEGUTH,CR SALDANHA DA GAMA/SANTA CECÍLIA/FUPES - SP,VETERANO 70 MAS,10,0,0,0,10,,
3,KIYOKO TAKAHASHI,MASTER PONG TT ACADEMIA-SP,VETERANO 75 FEM,10,10,0,0,0,,
3,VERA LUCIA DE OLIVEIRA LOPES,MASTER PONG TT ACADEMIA-SP,VETERANO 75 FEM,10,10,0,0,0,,
19,JEFERSON CARVALHO BENTO,CLUBE DE TÊNIS DE MESA DE PINDAMONHANGABA - SP,ABSOLUTO A (MAS),9,3,3,0,3,,
11,JONATHAN MOREIRA RODRIGUES,ASSOCIAÇÃO ATLÉTICA SALTENSE-SP,ADULTO (MAS),9,3,3,0,3,,
12,LAURA DE OLIVEIRA COLOMBO,YARA CLUBE/ACADEMIA NELSON MACHADO/SELJ-MARÍLIA-SP,SUB-11 FEM,9,0,3,3,3,,
14,MARIA CLARA MORALES LIDUENHA,ASSOC.JAUENSE DE T.M./PREFEITURA DE JAÚ-SP,SUB-15 FEM,9,1,1,7,0,,
15,KEVIN DUARTE GOES DE SOUZA,SESI-SP/INSTITUTO MATOSTT - SP,SUB-19 MAS,9,0,3,3,3,,
15,VICTOR PINHATAR,ASSOC. NOVA ERA DE T.M.-SP,SUB-19 MAS,9,0,1,7,1,,
10,EDSON TADASHI HOSHIRO,TÊNIS DE MESA CASA VERDE-MI-SP,VETERANO 55 MAS,9,3,3,0,3,,
12,NICHOLAS CASTILHO MESTRE,TIME JUNDIAÍ - SP,SÊNIOR 35,8,7,1,0,0,,
11,LUCAS FILA COSTA PINTO,ASSOC.JAUENSE DE T.M./PREFEITURA DE JAÚ-SP,SUB-11 MAS,8,3,1,3,1,,
17,ENZO PIRES,SANTO ANDRÉ / ADSA  - SP,SUB-13 MAS,8,1,3,3,1,,
17,NICHOLAS SILVERIO FIGUEIREDO LEITE,CR SALDANHA DA GAMA/SANTA CECÍLIA/FUPES - SP,SUB-13 MAS,8,1,3,3,1,,
17,PAULO RICARDO RODRIGUES BARBOSA,ESPORTE CLUBE PRAIA GRANDE - SP,SUB-13 MAS,8,1,3,3,1,,
15,KARINA YUKARI IDO SATO,ITAIM KEIKO / JJYAMADA - SP,SUB-15 FEM,8,1,3,1,3,,
19,PAULO EDUARDO RODRIGUES ARRUDA,POWER PONG TM/ASSOCIAÇÃO DOS MESATENISTAS DE CAMPINAS-SP,SUB-15 MAS,8,1,1,3,3,,
17,VITOR HIROKI SILVA MOTIKAWA,ASSOCIAÇÃO CULTURAL NIPO BRASILEIRA DE SÃO CAETANO DO SUL/BUNKA-SP,SUB-19 MAS,8,3,1,1,3,,
17,ISAAC ELEUTERIO PEIXOTO SILVA,ESPORTE CLUBE PRAIA GRANDE - SP,SUB-19 MAS,8,3,1,3,1,,
17,FELIPE CAMARA NOGUCHI,ESPORTE CLUBE PRAIA GRANDE - SP,SUB-19 MAS,8,7,1,0,0,,
14,KATHARINA LEAL GOTO,TOP SPIN BRASIL ACADEMY TENIS DE MESA LTDA-SP,ABSOLUTO A (FEM),7,0,1,3,3,,
14,GABRIELLE PINCERATO,ASSOCIAÇÃO CULTURAL NIPO BRASILEIRA DE SÃO CAETANO DO SUL/BUNKA-SP,ABSOLUTO A (FEM),7,3,1,3,0,,
14,GIOVANNA FARIA,CR SALDANHA DA GAMA/SANTA CECÍLIA/FUPES - SP,ABSOLUTO A (FEM),7,7,0,0,0,,
20,HENRIQUE KENJI KIMURA NOGUTI,ASSOCIAÇÃO CULTURAL NIPO BRASILEIRA DE SÃO CAETANO DO SUL/BUNKA-SP,ABSOLUTO A (MAS),7,0,7,0,0,,
20,KENZO AUGUSTO KANO CARMO,ASSOCIAÇÃO CULTURAL NIPO BRASILEIRA DE SÃO CAETANO DO SUL/BUNKA-SP,ABSOLUTO A (MAS),7,0,7,0,0,,
20,CLAUDIO MASSAD,SESI-SP/INSTITUTO MATOSTT - SP,ABSOLUTO A (MAS),7,3,0,1,3,,
11,CAROLINA DE SOUZA RODRIGUES,M2TM CENTRO DE TREINAMENTO DE TÊNIS DE MESA-SP,ADULTO (FEM),7,0,7,0,0,,
11,ISABELLA MEI INAMURA YOSHIOKA,CLUBE ITUANO DE ESPORTES-SP,ADULTO (FEM),7,0,7,0,0,,
12,HEINZ BENDEZU,ACADEMIA DUNAMIS DE TÊNIS DE MESA-SP,ADULTO (MAS),7,7,0,0,0,,
12,LUCAS NELINGTON DE OLIVEIRA PAULA,ASSOCIAÇÃO CULTURAL E DESPORTIVA DE ASSIS - SP,ADULTO (MAS),7,0,7,0,0,,
12,TIAGO SILVA KAKEYA,ASSOC. NOVA ERA DE T.M.-SP,ADULTO (MAS),7,0,0,7,0,,
12,JOÃO VICTOR MACIEL DA COSTA,ACEMV / PREFEITURA DE VOTORANTIM / SEDESP-SP,ADULTO (MAS),7,0,0,0,7,,
16,ADRIANO EIRA DOS SANTOS SACRAS,YARA CLUBE/ACADEMIA NELSON MACHADO/SELJ-MARÍLIA-SP,SÊNIOR 30,7,0,0,7,0,,
16,LUCAS ARRUDA MENDES,ACEMV / PREFEITURA DE VOTORANTIM / SEDESP-SP,SÊNIOR 30,7,7,0,0,0,,
16,RAFAEL EDUARDO ZACHARIAS HIRAMA,CLUBE ITUANO DE ESPORTES-SP,SÊNIOR 30,7,7,0,0,0,,
16,VINÍCIUS BORGES ANTUNES,ASSOCIAÇÃO CULTURAL E ASSISTENCIAL MIE KENJIN DO BRASIL-SP,SÊNIOR 30,7,0,7,0,0,,
16,MURILO STRANO CALTABIANO,ACADEMIA DE TÊNIS DE MESA LIFE PONG - SP,SÊNIOR 30,7,0,0,0,7,,
13,LEONARDO PEREIRA TAMELINI,ASSOCIAÇÃO CULTURAL E DESPORTIVA DE ASSIS - SP,SÊNIOR 35,7,0,0,7,0,,
13,LUÍS GUSTAVO DE OLIVEIRA VILELA,ARAÇA PONG / SMELR ARAÇATUBA – SP,SÊNIOR 35,7,0,0,7,0,,
13,MARCUS VINICIUS MAIA DA CRUZ,NEW PONG - SÃO JOSÉ DO RIO PRETO/SP - ACADEMIA DE TÊNIS DE MESA,SÊNIOR 35,7,0,0,7,0,,
13,RAFAEL EDUARDO ZACHARIAS HIRAMA,CLUBE ITUANO DE ESPORTES-SP,SÊNIOR 35,7,0,7,0,0,,
13,RODRIGO CALABRIA,SOCIEDADE ESPORTIVA PALMEIRAS-SP,SÊNIOR 35,7,7,0,0,0,,
13,PEDRO PENIDO FERREIRA,ASSOCIAÇÃO NIKKEY SÃO JOSÉ DOS CAMPOS - SP,SÊNIOR 35,7,0,0,0,7,,
6,ANA CLARA ABRUCEZZI COQUEIRO,YARA CLUBE/ACADEMIA NELSON MACHADO/SELJ-MARÍLIA-SP,SUB-09 FEM,7,0,0,7,0,,
7,JOAQUIM JORDÃO DE MAGALHÃES DORTA,BERTIOGA TÊNIS DE MESA - SP,SUB-09 MAS,7,0,0,0,7,,
7,FELIPE XAVIER DOS SANTOS,YARA CLUBE/ACADEMIA NELSON MACHADO/SELJ-MARÍLIA-SP,SUB-09 MAS,7,0,0,7,0,,
7,GABRIEL VIEIRA GALLINA,JAU PONG TÊNIS DE MESA LTDA-SP,SUB-09 MAS,7,0,7,0,0,,
7,ISAAC EDUARDO MARIA BARBOSA,YARA CLUBE/ACADEMIA NELSON MACHADO/SELJ-MARÍLIA-SP,SUB-09 MAS,7,0,0,7,0,,
7,LORENZO DIAS NOVELLETTO,ASSOCIAÇAO DOS MESATENISTAS DE TAUBATÉ - SP,SUB-09 MAS,7,0,7,0,0,,
7,RYAN DANIEL PRATO LOPES,YARA CLUBE/ACADEMIA NELSON MACHADO/SELJ-MARÍLIA-SP,SUB-09 MAS,7,0,0,7,0,,
12,TIAGO YERA NAKAJUM,YARA CLUBE/ACADEMIA NELSON MACHADO/SELJ-MARÍLIA-SP,SUB-11 MAS,7,0,1,3,3,,
12,MIGUEL CHAGAS DE ALMEIDA,ASSOC. NOVA ERA DE T.M.-SP,SUB-11 MAS,7,0,0,7,0,,
20,EDUARDO ARAUJO DE DOMINICIS,ITAIM KEIKO / JJYAMADA - SP,SUB-15 MAS,7,3,0,1,3,,
20,MATHEUS.LAZARETE RAMOS,SANTO ANDRÉ / ADSA  - SP,SUB-15 MAS,7,0,1,3,3,,
8,ANI BARBARA MURAKAMI TADIMA,ASSOCIAÇÃO CULTURAL NIPO BRASILEIRA DE SÃO CAETANO DO SUL/BUNKA-SP,SUB-19 FEM,7,7,0,0,0,,
8,ISABELLE REIS SOUZA,"INSTITUTO SOCIAL, CULTURAL E ESPORTIVO DE SERTÃOZINHO-SP",SUB-19 FEM,7,0,0,7,0,,
20,RAPHAEL KENZO TAKANO ITO,ASSOCIAÇÃO CULTURAL NIPO BRASILEIRA DE SÃO CAETANO DO SUL/BUNKA-SP,SUB-19 MAS,7,0,0,0,7,,
9,MARIA EDUARDA FERREIRA MARTINS,"INSTITUTO SOCIAL, CULTURAL E ESPORTIVO DE SERTÃOZINHO-SP",SUB-21 FEM,7,0,0,7,0,,
10,KAUÊ AUGUSTO FERREIRA ARAÚJO,YARA CLUBE/ACADEMIA NELSON MACHADO/SELJ-MARÍLIA-SP,SUB-21 MAS,7,0,0,7,0,,
13,KENGI RICARDO YASSUDA,NEW PONG - SÃO JOSÉ DO RIO PRETO/SP - ACADEMIA DE TÊNIS DE MESA,VETERANO 40 MAS,7,0,0,7,0,,
9,RAFAEL ZUIANI KAVAMURA,TIME JUNDIAÍ - SP,VETERANO 45 MAS,7,7,0,0,0,,
9,LUIS CLAUDIO TOBARU TIBANA,ITAIM KEIKO / JJYAMADA - SP,VETERANO 45 MAS,7,0,0,0,7,,
9,VALDEMIR DE MACEDO TEIXEIRA JÚNIOR,TOP SPIN BRASIL ACADEMY TENIS DE MESA LTDA-SP,VETERANO 45 MAS,7,0,0,0,7,,
10,DENNY NAKAGAWA,ASSOCIAÇÃO NIKKEY SÃO JOSÉ DOS CAMPOS - SP,VETERANO 50 MAS,7,7,0,0,0,,
11,ROGERIO CAPOBIANCO,MASTER PONG TT ACADEMIA-SP,VETERANO 55 MAS,7,7,0,0,0,,
11,VANDERLEI PEDRO DE SOUZA,ASSOCIAÇÃO ATLÉTICA SALTENSE-SP,VETERANO 55 MAS,7,7,0,0,0,,
11,REINALDO FURUUTI,POWER PONG TM/ASSOCIAÇÃO DOS MESATENISTAS DE CAMPINAS-SP,VETERANO 55 MAS,7,1,3,0,3,,
11,YOSHIMITSU CLÁUDIO CHIBA,ITAIM KEIKO / JJYAMADA - SP,VETERANO 55 MAS,7,1,3,0,3,,
8,TISUKO IAMAGUTI,MASTER PONG TT ACADEMIA-SP,VETERANO 60 FEM,7,7,0,0,0,,
8,OSNIMAR CARLOS WERNER,ITAIM KEIKO / JJYAMADA - SP,VETERANO 60 MAS,7,7,0,0,0,,
17,JÚLIA LAINA DE SOUSA,ASSOC. NOVA ERA DE T.M.-SP,ABSOLUTO A (FEM),6,3,3,0,0,,
23,SAMUEL FERNANDES BARBOSA SILVA,SOCIEDADE ESPORTIVA PALMEIRAS-SP,ABSOLUTO A (MAS),6,1,3,1,1,,
16,LUCAS DE OLIVEIRA LEITE,ACEMV / PREFEITURA DE VOTORANTIM / SEDESP-SP,ADULTO (MAS),6,3,0,0,3,,
16,MATEUS MARTINS FREITAS,ACEMV / PREFEITURA DE VOTORANTIM / SEDESP-SP,ADULTO (MAS),6,3,0,0,3,,
21,ALBERTH MARAIA DA COSTA,M2TM CENTRO DE TREINAMENTO DE TÊNIS DE MESA-SP,SÊNIOR 30,6,3,3,0,0,,
14,DAVI KENJI PRADO SUZUKI,KOSMOS CLUBE - SP,SUB-11 MAS,6,0,3,0,3,,
20,ALEX MARUYAMA ANDRADA,KOSMOS CLUBE - SP,SUB-13 MAS,6,3,1,1,1,,
10,LETÍCIA MIYUKI MATSUKAWA,ACEMV / PREFEITURA DE VOTORANTIM / SEDESP-SP,SUB-19 FEM,6,3,3,0,0,,
21,ROGÉRIO RONCATTO CARVALHO,CLUBE DE CAMPO DE PIRACICABA-CCP-SP,SUB-19 MAS,6,0,3,0,3,,
21,BRENO TOSSATO VENTUROLI,SANTO ANDRÉ / ADSA  - SP,SUB-19 MAS,6,1,3,1,1,,
21,ENZO BELUCO DE CAMARGO,ITAIM KEIKO / JJYAMADA - SP,SUB-19 MAS,6,1,3,1,1,,
21,JOÃO CEZAR BITTENCOURT MAYER,ACEAS NIKKEI SUZANO - SP,SUB-19 MAS,6,1,1,3,1,,
21,JOSÉ HENRIQUE MARIANO,ASSOC. NOVA ERA DE T.M.-SP,SUB-19 MAS,6,1,1,3,1,,
11,BRUNNO CESAR BARRETO,ASSOCIAÇÃO NIKKEY SÃO JOSÉ DOS CAMPOS - SP,SUB-21 MAS,6,3,3,0,0,,
11,DANIEL DA SILVA JÚLIO,ACEMV / PREFEITURA DE VOTORANTIM / SEDESP-SP,SUB-21 MAS,6,3,0,0,3,,
11,GUILHERME ALVES DA SILVEIRA,NEW PONG - SÃO JOSÉ DO RIO PRETO/SP - ACADEMIA DE TÊNIS DE MESA,SUB-21 MAS,6,0,0,3,3,,
14,EDUARDO ROBERTO DA SILVA,TIME JUNDIAÍ - SP,VETERANO 40 MAS,6,3,3,0,0,,
9,MARCO ANTÔNIO DE  ARAÚJO,ASSOCIAÇÃO ESPORTIVA RECREATIVA ATEME-SP,VETERANO 60 MAS,6,3,0,0,3,,
9,WILSON ALVES DA SILVA,ASSOCIAÇÃO ESPORTIVA RECREATIVA ATEME-SP,VETERANO 60 MAS,6,3,0,0,3,,
21,BRUNO RYU MATSUMOTO NAKAMURA,ITAIM KEIKO / JJYAMADA - SP,SUB-13 MAS,5,1,1,0,3,,
21,ENZO CECCATO,ACADEMIA DUNAMIS DE TÊNIS DE MESA-SP,SUB-13 MAS,5,1,1,0,3,,
22,FELIPE ROLIM IANELLO,SANTO ANDRÉ / ADSA  - SP,SUB-15 MAS,5,0,1,1,3,,
22,PIETRO MIGUEL PHAIFFER,POWER PONG TM/ASSOCIAÇÃO DOS MESATENISTAS DE CAMPINAS-SP,SUB-15 MAS,5,1,1,0,3,,
26,RAFAEL VINICIUS VIEIRA FURUTANI DE OLIVEIRA,KOSMOS CLUBE - SP,SUB-19 MAS,5,1,3,0,1,,
26,RAPHAEL CHEN RUE TIEN,ASSOCIAÇÃO CULTURAL NIPO BRASILEIRA DE SÃO CAETANO DO SUL/BUNKA-SP,SUB-19 MAS,5,1,3,1,0,,
18,TAINÁ ORSI OLIVEIRA,CR SALDANHA DA GAMA/SANTA CECÍLIA/FUPES - SP,ABSOLUTO A (FEM),4,1,0,0,3,,
24,PAULO SÉRGIO SALMIN FILHO,SESI-SP/INSTITUTO MATOSTT - SP,ABSOLUTO A (MAS),4,0,0,1,3,,
19,FELIPE BERTIN FARIA,TIME JUNDIAÍ - SP,SÊNIOR 35,4,3,1,0,0,,
19,MARCOS ANTÔNIO DE LIMA JUNIOR,CERÂMICA CLUBE - SP,SÊNIOR 35,4,3,1,0,0,,
15,KAIO AUGUSTO FERREIRA DE ARAÚJO,YARA CLUBE/ACADEMIA NELSON MACHADO/SELJ-MARÍLIA-SP,SUB-11 MAS,4,3,1,0,0,,
15,MURILO LUIZ DINIZ DA SILVA,SESI-SP/INSTITUTO MATOSTT - SP,SUB-11 MAS,4,3,1,0,0,,
23,CRISTIAN MARTINELLI,ACADEMIA DE TÊNIS DE MESA LIFE PONG - SP,SUB-13 MAS,4,1,1,1,1,,
23,DAVI ANTONELLI NASCIMENTO LEAO,ASSOCIAÇÃO RCTM - SP,SUB-13 MAS,4,1,1,1,1,,
23,LUCAS M MARQUES,ASSOCIAÇÃO OURINHENSE DE BEM ESTAR-SP,SUB-13 MAS,4,1,1,1,1,,
23,PEDRO KINOSHITA KAKUDA,ASSOCIAÇÃO ESPORTIVA RECREATIVA ATEME-SP,SUB-13 MAS,4,3,1,0,0,,
16,LAISSA GARCIA LEITE,CLUBE DE CAMPO DE PIRACICABA-CCP-SP,SUB-15 FEM,4,0,1,0,3,,
16,LIVIA PEDRO CINTO,CLUBE DE CAMPO DE PIRACICABA-CCP-SP,SUB-15 FEM,4,0,1,0,3,,
16,LUÍSA CHABREGAS DE ANDRADE,ASSOCIAÇÃO DESPORTIVA E CULTURAL ARTE DA LUTA - SP,SUB-15 FEM,4,1,1,1,1,,
16,SAMARA ALVES DA SILVA,ASSOCIAÇÃO DESPORTIVA CENTRO OLÍMPICO-SP,SUB-15 FEM,4,0,0,3,1,,
24,FELIPE DE TOLEDO MARESCA,ASSOCIAÇÃO CULTURAL NIPO BRASILEIRA DE SÃO CAETANO DO SUL/BUNKA-SP,SUB-15 MAS,4,1,1,1,1,,
24,GUILHERME AUGUSTO CÂNDIDO FERREIRA,SESI-SP/INSTITUTO MATOSTT - SP,SUB-15 MAS,4,1,1,1,1,,
24,HEITOR FERNANDES DA CRUZ,ITAIM KEIKO / JJYAMADA - SP,SUB-15 MAS,4,1,1,1,1,,
24,LEONARDO AMAKU ISHIKAWA,YARA CLUBE/ACADEMIA NELSON MACHADO/SELJ-MARÍLIA-SP,SUB-15 MAS,4,1,1,1,1,,
24,RYAN OLIVEIRA,ASSOCIAÇÃO RCTM - SP,SUB-15 MAS,4,1,1,1,1,,
28,ARTHUR BUENO DIAS CALEFFI,SANTO ANDRÉ / ADSA  - SP,SUB-19 MAS,4,1,1,1,1,,
28,ENZO DE LUCA LOPES BARANI,SANTO ANDRÉ / ADSA  - SP,SUB-19 MAS,4,1,1,1,1,,
28,MATHEUS DE ASSIS RODRIGUES,TEAM MANCINI -SP,SUB-19 MAS,4,1,1,1,1,,
28,NICOLAS REIS PIEDADE,SANTO ANDRÉ / ADSA  - SP,SUB-19 MAS,4,1,1,1,1,,
28,NICOLAS RUDOLF ELERBROCK ZORN,SESI-SP/INSTITUTO MATOSTT - SP,SUB-19 MAS,4,1,1,1,1,,
28,PEDRO AUGUSTO VIEIRA RAMOS,TEAM MANCINI -SP,SUB-19 MAS,4,1,1,1,1,,
28,RODRIGO MACHADO SORRATINI,POWER PONG TM/ASSOCIAÇÃO DOS MESATENISTAS DE CAMPINAS-SP,SUB-19 MAS,4,1,1,1,1,,
28,VITOR KENZO MOURA KONDO,SANTO ANDRÉ / ADSA  - SP,SUB-19 MAS,4,1,1,1,1,,
19,JANDERRY ANGÉLICA DE OLIVEIRA ANTONIO,POWER PONG TM/ASSOCIAÇÃO DOS MESATENISTAS DE CAMPINAS-SP,ABSOLUTO A (FEM),3,0,0,0,3,,
25,FÁBIO JORGE VICCARI,ASSOC. NOVA ERA DE T.M.-SP,ABSOLUTO A (MAS),3,3,0,0,0,,
25,JOAO PEDRO DE ABREU,ASSOCIAÇÃO RCTM - SP,ABSOLUTO A (MAS),3,0,3,0,0,,
25,JOÃO PEDRO RIBEIRO MIRA,ASSOCIAÇÃO CULTURAL E DESPORTIVA DE ASSIS - SP,ABSOLUTO A (MAS),3,0,0,3,0,,
25,LUCA KUMAHARA,ASSOCIAÇÃO CULTURAL NIPO BRASILEIRA DE SÃO CAETANO DO SUL/BUNKA-SP,ABSOLUTO A (MAS),3,3,0,0,0,,
25,LUÍS CLÁUDIO MOREIRA JÚNIOR,ASSOCIAÇÃO CULTURAL NIPO BRASILEIRA DE SÃO CAETANO DO SUL/BUNKA-SP,ABSOLUTO A (MAS),3,1,1,0,1,,
25,DIOGO CARDOSO MOREIRA DA SILVA,CR SALDANHA DA GAMA/SANTA CECÍLIA/FUPES - SP,ABSOLUTO A (MAS),3,0,0,0,3,,
25,KHRISTOPHER KEISKE OGASAWARA,ASSOC. NOVA ERA DE T.M.-SP,ABSOLUTO A (MAS),3,0,0,0,3,,
18,ALBERTO DOS SANTOS TAVARES FILHO,AFE ARARAQUARA-SP,ADULTO (MAS),3,3,0,0,0,,
18,LUAN PAGLIARI DE BRITO,MIRASSOL TENIS DE MESA,ADULTO (MAS),3,0,0,3,0,,
18,RODRIGO MILANE SILVA,ASSOCIAÇÃO OURINHENSE DE BEM ESTAR-SP,ADULTO (MAS),3,0,0,3,0,,
18,VITOR TOPSON ESCUDEIRO JANNUZI,"INSTITUTO SOCIAL, CULTURAL E ESPORTIVO DE SERTÃOZINHO-SP",ADULTO (MAS),3,0,0,3,0,,
22,ALEXANDRE ANDRADE COURA,TÊNIS DE MESA CASA VERDE-MI-SP,SÊNIOR 30,3,0,3,0,0,,
22,CARLOS EDUARDO FIGUEIREDO BUENO,UCEG-UNIÃO CULTURAL E ESPORTIVA GUARULHENSE-SP,SÊNIOR 30,3,3,0,0,0,,
22,GABRIEL LIN WANG,YARA CLUBE/ACADEMIA NELSON MACHADO/SELJ-MARÍLIA-SP,SÊNIOR 30,3,0,0,3,0,,
22,RAFAEL EIDI TSUKAHARA,YARA CLUBE/ACADEMIA NELSON MACHADO/SELJ-MARÍLIA-SP,SÊNIOR 30,3,0,0,3,0,,
22,GABRIEL LACERDA SLEZYNGER,TOP SPIN BRASIL ACADEMY TENIS DE MESA LTDA-SP,SÊNIOR 30,3,0,0,0,3,,
21,ALLAN CARLOS BALTHAZAR DOS SANTOS,ASSOCIAÇÃO NIKKEY SÃO JOSÉ DOS CAMPOS - SP,SÊNIOR 35,3,3,0,0,0,,
21,BRUNO DE CASTRO MIRANDA,ITAIM KEIKO / JJYAMADA - SP,SÊNIOR 35,3,3,0,0,0,,
17,BRUNO SECCOLI BUFO,M2TM CENTRO DE TREINAMENTO DE TÊNIS DE MESA-SP,SUB-11 MAS,3,,3,0,0,,
17,ENRICO ESTEVES STEVANATO,YARA CLUBE/ACADEMIA NELSON MACHADO/SELJ-MARÍLIA-SP,SUB-11 MAS,3,0,0,3,0,,
17,HENRIQUE MESQUITA SERVA REIS,YARA CLUBE/ACADEMIA NELSON MACHADO/SELJ-MARÍLIA-SP,SUB-11 MAS,3,0,0,3,0,,
11,ALICE AKEMI BABICHI TANAKA,YARA CLUBE/ACADEMIA NELSON MACHADO/SELJ-MARÍLIA-SP,SUB-13 FEM,3,0,0,3,0,,
27,YURI PROENÇA MURAKI,ESPORTE CLUBE PRAIA GRANDE - SP,SUB-13 MAS,3,0,0,0,3,,
27,HENRIQUE JUNITIRO UWAI,ACEMV / PREFEITURA DE VOTORANTIM / SEDESP-SP,SUB-13 MAS,3,1,1,0,1,,
27,KEVIN KOITI NISHINO,POWER PONG TM/ASSOCIAÇÃO DOS MESATENISTAS DE CAMPINAS-SP,SUB-13 MAS,3,1,1,0,1,,
27,MIGUEL MONTEMOR QUEIROZ FERREIRA,CLUBE DE TÊNIS DE MESA DE PINDAMONHANGABA - SP,SUB-13 MAS,3,1,1,0,1,,
27,MIGUEL YOSHIO KATAYAMA IZUMI,CLUBE DE TÊNIS DE MESA JACAREÍ - SP,SUB-13 MAS,3,1,1,0,1,,
27,PEDRO HENRIQUE GINO CRUZ,ASSOC.JAUENSE DE T.M./PREFEITURA DE JAÚ-SP,SUB-13 MAS,3,0,1,1,1,,
27,VICTOR HO YOUNG LEE,SANTO ANDRÉ / ADSA  - SP,SUB-13 MAS,3,0,1,1,1,,
20,EMANUELLY SANTANA DE AZEVEDO ARAÚJO,SESI-SP/INSTITUTO MATOSTT - SP,SUB-15 FEM,3,1,1,0,1,,
29,MURILO TASSI,YARA CLUBE/ACADEMIA NELSON MACHADO/SELJ-MARÍLIA-SP,SUB-15 MAS,3,0,0,0,3,,
29,DANIEL MORENO SIMÕES,POWER PONG TM/ASSOCIAÇÃO DOS MESATENISTAS DE CAMPINAS-SP,SUB-15 MAS,3,1,1,0,1,,
29,ELIEL DIAS MARQUES,ACEMV / PREFEITURA DE VOTORANTIM / SEDESP-SP,SUB-15 MAS,3,1,1,0,1,,
29,ENZO BELTRAME SANTOS,ASSOC.JAUENSE DE T.M./PREFEITURA DE JAÚ-SP,SUB-15 MAS,3,0,1,1,1,,
29,FELIPE TAKASHI KIMURA ISHIKAWA,KOSMOS CLUBE - SP,SUB-15 MAS,3,1,1,0,1,,
29,GABRIEL FONSECA,SESI-SP/INSTITUTO MATOSTT - SP,SUB-15 MAS,3,1,1,0,1,,
29,JOÃO MIGUEL KOENIGKAN SILVA MOTA,SESI-SP/INSTITUTO MATOSTT - SP,SUB-15 MAS,3,1,1,0,1,,
29,LUCAS TIDEI OLIVEIRA,ASSOC.JAUENSE DE T.M./PREFEITURA DE JAÚ-SP,SUB-15 MAS,3,0,1,1,1,,
11,ANAUÁ NOGUEIRA SANTOS SIQUEIRA,ASSOCIACAO BETHEL DE BOTUCATU-SP,SUB-19 FEM,3,0,0,0,3,,
11,JULIA MENDES RETOZI DE MATOS,ASSOCIACAO BETHEL DE BOTUCATU-SP,SUB-19 FEM,3,0,0,0,3,,
11,LUISA ARGENTINO ROSA,ASSOCIACAO BETHEL DE BOTUCATU-SP,SUB-19 FEM,3,0,0,0,3,,
11,RAONY NOGUEIRA SANTOS SIQUEIRA,ASSOCIACAO BETHEL DE BOTUCATU-SP,SUB-19 FEM,3,0,0,0,3,,
11,VITÓRIA TRINDADE DOS SANTOS,ASSOCIACAO BETHEL DE BOTUCATU-SP,SUB-19 FEM,3,0,0,0,3,,
11,GABRIELA SANCINETTI RODRIGUES,ASSOCIAÇÃO RCTM - SP,SUB-19 FEM,3,0,3,0,0,,
11,RHWANY TEIXEIRA,ASSOCIAÇÃO RCTM - SP,SUB-19 FEM,3,0,3,0,0,,
36,FREDERICO ALCÂNTARA SPÍNOLA MARTINS,ESPORTE CLUBE PRAIA GRANDE - SP,SUB-19 MAS,3,0,0,0,3,,
36,ALISSON CHAGAS,ASSOC.JAUENSE DE T.M./PREFEITURA DE JAÚ-SP,SUB-19 MAS,3,0,1,1,1,,
36,ENZO LIMA MEIRELES,SANTO ANDRÉ / ADSA  - SP,SUB-19 MAS,3,1,1,0,1,,
36,EWERTON CRISTIAN DOS SANTOS JUNIOR,SESI-SP/INSTITUTO MATOSTT - SP,SUB-19 MAS,3,1,1,0,1,,
36,FILIPE ROSSI COSTA,ASSOC.JAUENSE DE T.M./PREFEITURA DE JAÚ-SP,SUB-19 MAS,3,0,1,1,1,,
36,JOÃO VITOR FERREIRA FÉLIX,SESI-SP/INSTITUTO MATOSTT - SP,SUB-19 MAS,3,1,1,0,1,,
36,LUCAS NORIO YOSHIKAWA,TEAM MANCINI -SP,SUB-19 MAS,3,1,0,1,1,,
36,ARTHUR MASSARU ASSUNÇÃO SANTOS,ITAIM KEIKO / JJYAMADA - SP,SUB-19 MAS,3,1,1,1,0,,
36,GUILHERME REBELATO,ASSOCIAÇÃO RCTM - SP,SUB-19 MAS,3,3,0,0,0,,
14,CARLOS EDUARDO GONÇALVES SUPLANO,YARA CLUBE/ACADEMIA NELSON MACHADO/SELJ-MARÍLIA-SP,SUB-21 MAS,3,0,0,3,0,,
14,GUILHERME HENRIQUE MONTEIRO BIANCHIN,ACEMV / PREFEITURA DE VOTORANTIM / SEDESP-SP,SUB-21 MAS,3,3,0,0,0,,
14,JOÃO GABRIEL COSTA DA SILVA,AFE ARARAQUARA-SP,SUB-21 MAS,3,0,0,3,0,,
14,JÚLIO UEHARA NOGUEIRA DE BARROS LEITE,NEW PONG - SÃO JOSÉ DO RIO PRETO/SP - ACADEMIA DE TÊNIS DE MESA,SUB-21 MAS,3,0,0,3,0,,
14,KEVIS LEE,NEW PONG - SÃO JOSÉ DO RIO PRETO/SP - ACADEMIA DE TÊNIS DE MESA,SUB-21 MAS,3,0,0,3,0,,
14,MATEUS ATHAIDE DOS SANTOS DOS REIS,YARA CLUBE/ACADEMIA NELSON MACHADO/SELJ-MARÍLIA-SP,SUB-21 MAS,3,0,0,3,0,,
14,MURILO SAMPAIO LEANDRO,SESI-SP/INSTITUTO MATOSTT,SUB-21 MAS,3,3,0,0,0,,
14,ENZO FELIPE NERI CARDAS,TOP SPIN BRASIL ACADEMY TENIS DE MESA LTDA-SP,SUB-21 MAS,3,0,0,0,3,,
15,ANTONIO CESAR POLEZZI,SOCIEDADE ESPORTIVA PALMEIRAS-SP,VETERANO 40 MAS,3,3,0,0,0,,
15,CARLOS ALBERTO TORRES FERRAZ,MASTER PONG TT ACADEMIA-SP,VETERANO 40 MAS,3,3,0,0,0,,
15,FLÁVIO SANTANA DE SOUZA,YARA CLUBE/ACADEMIA NELSON MACHADO/SELJ-MARÍLIA-SP,VETERANO 40 MAS,3,3,0,0,0,,
15,THALES HIKOSAKA,AFE ARARAQUARA-SP,VETERANO 40 MAS,3,0,3,0,0,,
15,JOSE MIGUEL BISPO,POWER PONG TM/ASSOCIAÇÃO DOS MESATENISTAS DE CAMPINAS-SP,VETERANO 40 MAS,3,0,0,0,3,,
15,LEONARDO SANCHES MUNICELLI,CLUBE DE CAMPO DE PIRACICABA-CCP-SP,VETERANO 40 MAS,3,0,0,0,3,,
15,REGIS FARIA COLARES,INST. FAIR PLAY DE DESENVOLVIMENTO ESPORTIVO-SP,VETERANO 40 MAS,3,0,0,0,3,,
11,FÁBIO MORENO DE SOUZA,ACEMV / PREFEITURA DE VOTORANTIM / SEDESP-SP,VETERANO 50 MAS,3,3,0,0,0,,
11,FABRÍCIO ADRIANO MOSCATELLI,ACEMV / PREFEITURA DE VOTORANTIM / SEDESP-SP,VETERANO 50 MAS,3,3,0,0,0,,
11,GILES MARIOZI OLIVEIRA,ACEMV / PREFEITURA DE VOTORANTIM / SEDESP-SP,VETERANO 50 MAS,3,3,0,0,0,,
11,JORGE LUIS DE CAMPOS,ASSOCIAÇÃO CULTURAL E DESPORTIVA DE ASSIS - SP,VETERANO 50 MAS,3,0,0,3,0,,
11,RUDEMIR AFONSO PIASSI,ASSOC. NOVA ERA DE T.M.-SP,VETERANO 50 MAS,3,0,0,3,0,,
11,WILSON ROBERTO DE OLIVEIRA,ASSOCIAÇÃO CULTURAL E DESPORTIVA DE ASSIS - SP,VETERANO 50 MAS,3,0,0,3,0,,
11,LUÍS CLÁUDIO RODRIGUES MARROCHI,SOCIEDADE ESPORTIVA PALMEIRAS-SP,VETERANO 50 MAS,3,0,0,0,3,,
15,ALMIR ROGÉRIO BORTOLETO,NEW PONG - SÃO JOSÉ DO RIO PRETO/SP - ACADEMIA DE TÊNIS DE MESA,VETERANO 55 MAS,3,0,0,3,0,,
15,JOÃO CANDIDO DE OLIVEIRA PORTO,NEW PONG - SÃO JOSÉ DO RIO PRETO/SP - ACADEMIA DE TÊNIS DE MESA,VETERANO 55 MAS,3,0,0,3,0,,
15,RICARDO OLIVEIRA DRUMMOND,ACADEMIA DE TÊNIS DE MESA LIFE PONG - SP,VETERANO 55 MAS,3,3,0,0,0,,
15,ROBERTO DOMINGUES DE ANDRADE,ASSOCIAÇÃO NIKKEY SÃO JOSÉ DOS CAMPOS - SP,VETERANO 55 MAS,3,3,0,0,0,,
15,SERGIO TOCHIAKI SAKAI,ASSOC. NOVA ERA DE T.M.-SP,VETERANO 55 MAS,3,0,0,3,0,,
11,IVAN KUHLMANN NOGUEIRA,ACADEMIA DE TÊNIS DE MESA LIFE PONG - SP,VETERANO 60 MAS,3,0,0,0,3,,
11,MAX AUGUSTO DOS SANTOS,CERÂMICA CLUBE - SP,VETERANO 60 MAS,3,3,0,0,0,,
32,MANUEL FREITAS CHAMBEL PAIVA,ITAIM KEIKO / JJYAMADA - SP,ABSOLUTO A (MAS),2,0,1,1,0,,
32,FILIPI WENDELL FERREIRA SEVERIANO,ESPORTE CLUBE PRAIA GRANDE - SP,ABSOLUTO A (MAS),2,0,1,0,1,,
32,PEDRO HENRIQUE GUEDES REZENDE PINTO,ESPORTE CLUBE PRAIA GRANDE - SP,ABSOLUTO A (MAS),2,1,0,0,1,,
34,CAIO PINHEIRO DIAS,SANTO ANDRÉ / ADSA  - SP,SUB-13 MAS,2,0,1,0,1,,
34,CARLOS EDUARDO GIROLDO ROSIGNOLLI,ASSOCIAÇÃO OURINHENSE DE BEM ESTAR-SP,SUB-13 MAS,2,0,0,1,1,,
34,PEDRO HENRIQUE PITHON ABREU,ASSOCIAÇÃO DESPORTIVA CENTRO OLÍMPICO-SP,SUB-13 MAS,2,0,0,1,1,,
34,PIETRO BATTISTELLA DE MELO,POWER PONG TM/ASSOCIAÇÃO DOS MESATENISTAS DE CAMPINAS-SP,SUB-13 MAS,2,0,1,0,1,,
34,DAVI SOUZA DE ALMEIDA,SESI-SP/INSTITUTO MATOSTT - SP,SUB-13 MAS,2,1,1,0,0,,
34,MATEUS RABELO DE FARIA,SESI-SP/INSTITUTO MATOSTT - SP,SUB-13 MAS,2,1,1,0,0,,
34,PEDRO FLORENTINO,SESI-SP/INSTITUTO MATOSTT - SP,SUB-13 MAS,2,1,1,0,0,,
34,TIAGO NAOKI NAGATA,ASSOCIAÇÃO RCTM - SP,SUB-13 MAS,2,1,1,0,0,,
21,ISABELLY DOS PASSOS RABELO,ASSOCIAÇÃO DESPORTIVA CENTRO OLÍMPICO-SP,SUB-15 FEM,2,0,0,1,1,,
21,ISADORA CASTILHO CARRIEL,ASSOCIAÇÃO DESPORTIVA CENTRO OLÍMPICO-SP,SUB-15 FEM,2,0,0,1,1,,
21,LARA MARCELINO DE LACERDA,SESI-SP/INSTITUTO MATOSTT - SP,SUB-15 FEM,2,1,1,0,0,,
21,VITÓRIA APARECIDA DE SOUZA,SESI-SP/INSTITUTO MATOSTT - SP,SUB-15 FEM,2,1,1,0,0,,
37,FELIPE BUCIOLI SIMIONI,POWER PONG TM/ASSOCIAÇÃO DOS MESATENISTAS DE CAMPINAS-SP,SUB-15 MAS,2,0,1,0,1,,
37,LEONARDO PORCIÚNCULA ABBONDANZA,ASSOC. NOVA ERA DE T.M.-SP,SUB-15 MAS,2,0,0,1,1,,
37,LUCAS GUIMARÃES DO AMARAL LEMOS,ESPORTE CLUBE PRAIA GRANDE - SP,SUB-15 MAS,2,0,1,0,1,,
37,MARCELO HENRIQUE COSTA GONÇALVES,ASSOCIAÇÃO RCTM - SP,SUB-15 MAS,2,0,1,0,1,,
37,PAULO JUN IDEHARA OBASE,ASSOCIAÇÃO DESPORTIVA CENTRO OLÍMPICO-SP,SUB-15 MAS,2,0,0,1,1,,
37,RAFAEL SOARES DOS SANTOS JUNIOR,SESI-SP/INSTITUTO MATOSTT - SP,SUB-15 MAS,2,0,0,1,1,,
37,ALEXANDRE YUDI  HARADA,ACEMV / PREFEITURA DE VOTORANTIM / SEDESP-SP,SUB-15 MAS,2,1,1,0,0,,
37,FERNANDO PUERTO BASSO,ASSOCIAÇÃO RCTM - SP,SUB-15 MAS,2,1,1,0,0,,
37,GUSTAVO HENRIQUE ALVES DRAGONI,ASSOCIAÇÃO RCTM - SP,SUB-15 MAS,2,1,1,0,0,,
37,KELVYN SARAGOÇA DE OLIVEIRA,ASSOCIAÇÃO RCTM - SP,SUB-15 MAS,2,1,1,0,0,,
37,MATEUS ZAMBOM COLUCI,ASSOCIAÇÃO RCTM - SP,SUB-15 MAS,2,1,1,0,0,,
37,MIGUEL SANTANA DONA,ARAÇA PONG / SMELR ARAÇATUBA – SP,SUB-15 MAS,2,0,1,1,0,,
37,ROBSON LEONARDO RODRIGUES DOS SANTOS,ASSOC.JAUENSE DE T.M./PREFEITURA DE JAÚ-SP,SUB-15 MAS,2,0,1,1,0,,
45,BENTO DE MORAIS NAVARRO,ASSOC. NOVA ERA DE T.M.-SP,SUB-19 MAS,2,0,0,1,1,,
45,CEZAR AUGUSTO PEREIRA MACIEL,CLUBE DE CAMPO DE PIRACICABA-CCP-SP,SUB-19 MAS,2,0,1,0,1,,
45,GUSTAVO PERDIGÃO,AFE ARARAQUARA-SP,SUB-19 MAS,2,0,1,0,1,,
45,JOÃO DE MORAIS NAVARRO,ASSOC. NOVA ERA DE T.M.-SP,SUB-19 MAS,2,0,0,1,1,,
45,KAUÊ AUGUSTO FERREIRA ARAÚJO,YARA CLUBE/ACADEMIA NELSON MACHADO/SELJ-MARÍLIA-SP,SUB-19 MAS,2,1,0,0,1,,
45,KENON DIAZ NAKASHIMA,ITAIM KEIKO / JJYAMADA - SP,SUB-19 MAS,2,1,0,0,1,,
45,RUAN PEDRAL DE SOUZA,ESPORTE CLUBE PRAIA GRANDE - SP,SUB-19 MAS,2,0,1,0,1,,
45,ENZO TOMITA,ITAIM KEIKO / JJYAMADA - SP,SUB-19 MAS,2,1,0,1,0,,
45,FELIPE AUGUSTO BATISTA DE MATOS,SESI-SP/INSTITUTO MATOSTT - SP,SUB-19 MAS,2,0,1,1,0,,
20,DAIANE OLIVEIRA SILVA,MASTER PONG TT ACADEMIA-SP,ABSOLUTO A (FEM),1,1,0,0,0,,
20,REBECA DE MELO DANIELLO,UCEG-UNIÃO CULTURAL E ESPORTIVA GUARULHENSE-SP,ABSOLUTO A (FEM),1,1,0,0,0,,
35,ARTUR MARTINI IURA,CLUBE RECREATIVO SUMARÉ-LIGA-SP,ABSOLUTO A (MAS),1,1,0,0,0,,
35,DIEGO DUARTE BARBOZA,SOCIEDADE ESPORTIVA PALMEIRAS-SP,ABSOLUTO A (MAS),1,1,0,0,0,,
35,ENZO FELIPE NERI CARDAS,TOP SPIN BRASIL ACADEMY TENIS DE MESA LTDA-SP,ABSOLUTO A (MAS),1,0,0,1,0,,
35,GABRIEL LACERDA SLEZYNGER,TOP SPIN BRASIL ACADEMY TENIS DE MESA LTDA-SP,ABSOLUTO A (MAS),1,0,0,1,0,,
35,GUILHERME ALVES DA SILVEIRA,NEW PONG ACADEMIA DE TÊNIS DE MESA/SJRP-SP,ABSOLUTO A (MAS),1,0,1,0,0,,
35,ISAAC GOMES ZAULI,CR SALDANHA DA GAMA/SANTA CECÍLIA/FUPES - SP,ABSOLUTO A (MAS),1,0,0,1,0,,
35,MATEUS CARNEIRO BOTELHO,TEAM MANCINI -SP,ABSOLUTO A (MAS),1,0,1,0,0,,
35,MURILO STRANO CALTABIANO,ACADEMIA DE TÊNIS DE MESA LIFE PONG - SP,ABSOLUTO A (MAS),1,1,0,0,0,,
35,RAFAEL CÂNDIDO AGUIAR,CLUBE DE TÊNIS DE MESA DE PINDAMONHANGABA - SP,ABSOLUTO A (MAS),1,1,0,0,0,,
35,VALTER CLEBERSON MUKAIBATA,CLUBE ITUANO DE ESPORTES-SP,ABSOLUTO A (MAS),1,1,0,0,0,,
35,ANTONIO CESAR POLEZZI,SOCIEDADE ESPORTIVA PALMEIRAS-SP,ABSOLUTO A (MAS),1,0,0,0,1,,
35,FABRÍCIO AUGUSTO DÁRIO,CLUBE DE CAMPO DE PIRACICABA-CCP-SP,ABSOLUTO A (MAS),1,0,0,0,1,,
35,LUCAS DOMICIANO VIANNA,MASTER PONG TT ACADEMIA-SP,ABSOLUTO A (MAS),1,0,0,0,1,,
35,MATEUS HENRIQUE PANIZZA BARBOSA,ASSOCIACAO BETHEL DE BOTUCATU-SP,ABSOLUTO A (MAS),1,0,0,0,1,,
35,ROGERIO CAPOBIANCO,MASTER PONG TT ACADEMIA-SP,ABSOLUTO A (MAS),1,0,0,0,1,,
22,IGOR SIMÕES DA SILVA,ESPORTE CLUBE PRAIA GRANDE - SP,ADULTO (MAS),1,0,1,0,0,,
22,JOÃO CARLOS DOS SANTOS OLIVEIRA,M2TM CENTRO DE TREINAMENTO DE TÊNIS DE MESA-SP,ADULTO (MAS),1,0,1,0,0,,
22,LUIZ TIAGO SAMPAIO DE SOUZA,TEAM MANCINI -SP,ADULTO (MAS),1,0,1,0,0,,
22,MIGUEL BLANCO MORALES NETO,ESPORTE CLUBE PRAIA GRANDE - SP,ADULTO (MAS),1,0,1,0,0,,
23,RAFAEL ALVES,ASSOCIAÇÃO RCTM - SP,SÊNIOR 35,1,0,1,0,0,,
20,LUCA JORDÃO DE MAGALHÃES DORTA,BERTIOGA TÊNIS DE MESA - SP,SUB-11 MAS,1,0,0,0,1,,
20,MATEUS OLIVEIRA CAETANO SILVA,ITAIM KEIKO / JJYAMADA - SP,SUB-11 MAS,1,0,0,0,1,,
20,NICOLAS LACRETA DU CHENOY,SOCIEDADE ESPORTIVA PALMEIRAS-SP,SUB-11 MAS,1,0,0,0,1,,
20,MIGUEL STEPHAN DE FARIA GALOCHA,SESI-SP/INSTITUTO MATOSTT - SP,SUB-11 MAS,1,0,1,0,0,,
42,DAVID CHAIM MOURO,POWER PONG TM/ASSOCIAÇÃO DOS MESATENISTAS DE CAMPINAS-SP,SUB-13 MAS,1,0,0,0,1,,
42,FABRÍCIO FRANCISCO BERTELA,CR SALDANHA DA GAMA/SANTA CECÍLIA/FUPES - SP,SUB-13 MAS,1,0,0,0,1,,
42,JOÃO  PEDRO  COSER  BUENO,POWER PONG TM/ASSOCIAÇÃO DOS MESATENISTAS DE CAMPINAS-SP,SUB-13 MAS,1,0,0,0,1,,
42,LEONARDO QUIRINO MORETTI,ASSOCIACAO BETHEL DE BOTUCATU-SP,SUB-13 MAS,1,0,0,0,1,,
42,LUCAS COLNAGHI SAKAUE,TEAM MANCINI -SP,SUB-13 MAS,1,0,0,0,1,,
42,DAVI.COPPI DA ROCHA,CERÂMICA CLUBE - SP,SUB-13 MAS,1,0,1,0,0,,
42,DIOGO VENDRAMINI,JAU PONG TÊNIS DE MESA LTDA-SP,SUB-13 MAS,1,0,0,1,0,,
42,LINCOLN RYUJI NAKAGAWA,ASSOCIAÇÃO NIKKEY SÃO JOSÉ DOS CAMPOS - SP,SUB-13 MAS,1,1,0,0,0,,
42,LUCAS MARGIOTA PIASSA,ASSOCIAÇÃO RCTM - SP,SUB-13 MAS,1,0,1,0,0,,
42,LUCAS OLIVEIRA ALVES,CERÂMICA CLUBE - SP,SUB-13 MAS,1,0,1,0,0,,
42,VINICIUS CAMPOS VERNAGLIA,INST. FAIR PLAY DE DESENVOLVIMENTO ESPORTIVO-SP,SUB-13 MAS,1,0,0,1,0,,
25,ISIS SANCHES TOHYAMA,ASSOCIAÇÃO CULTURAL E DESPORTIVA DE ASSIS - SP,SUB-15 FEM,1,0,0,1,0,,
50,ANDRÉ TANI COELHO DA SILVA,TEAM MANCINI -SP,SUB-15 MAS,1,0,0,0,1,,
50,BRUNO NAOKI ISHIOKA,ASSOCIAÇÃO DESPORTIVA CENTRO OLÍMPICO-SP,SUB-15 MAS,1,0,0,0,1,,
50,GIOVANNI QUIRINO MORETTI,ASSOCIACAO BETHEL DE BOTUCATU-SP,SUB-15 MAS,1,0,0,0,1,,
50,GUSTAVO ARAÚJO LOPES VIEIRA,ASSOC.JAUENSE DE T.M./PREFEITURA DE JAÚ-SP,SUB-15 MAS,1,0,0,0,1,,
50,JOÃO PEDRO ALMAGRO DOS SANTOS PEREIRA,ASSOC. NOVA ERA DE T.M.-SP,SUB-15 MAS,1,0,0,0,1,,
50,JOÃO PEDRO MARTINS NARVAIS,ESPORTE CLUBE PRAIA GRANDE - SP,SUB-15 MAS,1,0,0,0,1,,
50,MIGUEL LOSNAK PLANA,ASSOC. NOVA ERA DE T.M.-SP,SUB-15 MAS,1,0,0,0,1,,
50,GUSTAVO HENRIQUE SETIN FERREIRA,CERÂMICA CLUBE - SP,SUB-15 MAS,1,0,1,0,0,,
50,JOÃO PEDRO CALDAS OLIVEIRA,TÊNIS DE MESA PAULÍNIA-LIGA-SP,SUB-15 MAS,1,0,1,0,0,,
50,JOÃO PEDRO RAMOS NASCIMENTO,JAU PONG TÊNIS DE MESA LTDA-SP,SUB-15 MAS,1,0,0,1,0,,
50,JOÃO VITOR COSTA FERREIRA,ACEMV / PREFEITURA DE VOTORANTIM / SEDESP-SP,SUB-15 MAS,1,1,0,0,0,,
50,LUCA ESTEVES MAGALHÃES,YARA CLUBE/ACADEMIA NELSON MACHADO/SELJ-MARÍLIA-SP,SUB-15 MAS,1,0,0,1,0,,
50,LUCAS RODRIGUES DE MELO,ASSOCIAÇÃO RCTM - SP,SUB-15 MAS,1,0,1,0,0,,
50,MATHEUS LAZARETE RAMOS,SANTO ANDRÉ / ADSA  - SP,SUB-15 MAS,1,1,0,0,0,,
50,MIGUEL DOMICIANO VIANNA,MASTER PONG TT ACADEMIA-SP,SUB-15 MAS,1,1,0,0,0,,
50,PEDRO ANGELO PIOTO SANTOS,POWER PONG TM/ASSOCIAÇÃO DOS MESATENISTAS DE CAMPINAS-SP,SUB-15 MAS,1,1,0,0,0,,
50,TIAGO HOLTZ AMATO,TEAM MANCINI -SP,SUB-15 MAS,1,0,1,0,0,,
54,GUILHERME YUICHI NAGASAKI,ACEAS NIKKEI SUZANO - SP,SUB-19 MAS,1,0,0,0,1,,
54,ISAC NUNES ARANDA,ASSOCIACAO BETHEL DE BOTUCATU-SP,SUB-19 MAS,1,0,0,0,1,,
54,JOÃO HÉLIO GOMES DE SOUZA,TOP SPIN BRASIL ACADEMY TENIS DE MESA LTDA-SP,SUB-19 MAS,1,0,0,0,1,,
54,PETERSON SILVESTRE CARDOSO,ASSOCIACAO BETHEL DE BOTUCATU-SP,SUB-19 MAS,1,0,0,0,1,,
54,DAVI GODOY,JAU PONG TÊNIS DE MESA LTDA-SP,SUB-19 MAS,1,0,0,1,0,,
54,ENZO GABRIEL VITALIANO VIEIRA,ASSOCIAÇÃO DOS SERVIDORES MUNICIPAIS DE RIBEIRÃO PRETO - SP,SUB-19 MAS,1,0,1,0,0,,
54,FABIO ROGÉRIO TREVISAN JUNIOR,ASSOC.JAUENSE DE T.M./PREFEITURA DE JAÚ-SP,SUB-19 MAS,1,0,1,0,0,,
54,FELIPE CASTRO BRANT MOURAO,MASTER PONG TT ACADEMIA-SP,SUB-19 MAS,1,1,0,0,0,,
54,HENRIQUE MOURA CAMARDELLA,POWER PONG TM/ASSOCIAÇÃO DOS MESATENISTAS DE CAMPINAS-SP,SUB-19 MAS,1,1,0,0,0,,
54,JOÃO PEDRO LIMA DE OLIVEIRA,"INSTITUTO SOCIAL, CULTURAL E ESPORTIVO DE SERTÃOZINHO-SP",SUB-19 MAS,1,0,0,1,0,,
54,JOÃO PEDRO RIBEIRO POSSAS,ESPORTE CLUBE PRAIA GRANDE - SP,SUB-19 MAS,1,0,1,0,0,,
54,JOÃO VICTOR BALDO,"INSTITUTO SOCIAL, CULTURAL E ESPORTIVO DE SERTÃOZINHO-SP",SUB-19 MAS,1,0,0,1,0,,
54,JORGE CARDELLI FAÇANHA DANTAS,TÊNIS DE MESA PAULÍNIA-LIGA-SP,SUB-19 MAS,1,0,1,0,0,,
54,LEONARDO HENRIQUES FIORI DA COSTA,TÊNIS DE MESA CASA VERDE-MI-SP,SUB-19 MAS,1,0,1,0,0,,
54,LUCAS DOMICIANO VIANNA,MASTER PONG TT ACADEMIA-SP,SUB-19 MAS,1,1,0,0,0,,
54,MATHEUS FELIPE DA SILVA,"INSTITUTO SOCIAL, CULTURAL E ESPORTIVO DE SERTÃOZINHO-SP",SUB-19 MAS,1,0,0,1,0,,
54,MATHEUS RODRIGUES DE MELO,ASSOCIAÇÃO RCTM - SP,SUB-19 MAS,1,0,1,0,0,,
54,NICOLAS MOURA LASNOU,MIRASSOL TENIS DE MESA,SUB-19 MAS,1,0,0,1,0,,
54,PEDRO DOS SANTOS MENDES,CLUBE DE TÊNIS DE MESA JACAREÍ - SP,SUB-19 MAS,1,1,0,0,0,,
54,RAFAEL VENTINO ARAUJO,ITAIM KEIKO / JJYAMADA - SP,SUB-19 MAS,1,1,0,0,0,,
54,RENAN SCAVAZINI GIMENEZ,"INSTITUTO SOCIAL, CULTURAL E ESPORTIVO DE SERTÃOZINHO-SP",SUB-19 MAS,1,0,0,1,0,,
54,SAMUEL BERTOLASSI,CLUBE DE CAMPO DE PIRACICABA-CCP-SP,SUB-19 MAS,1,0,1,0,0,,
54,TIAGO ONISHI CARDOSO,ASSOCIAÇÃO CULTURAL NIPO BRASILEIRA DE SÃO CAETANO DO SUL/BUNKA-SP,SUB-19 MAS,1,1,0,0,0,,
20,BORIS ALAN ARANA,ASSOCIAÇÃO CULTURAL NIPO BRASILEIRA DE SÃO CAETANO DO SUL/BUNKA-SP,VETERANO 55 MAS,1,1,0,0,0,,
20,LUIS ALBERTO D ALMEIDA LEANZA,POWER PONG TM/ASSOCIAÇÃO DOS MESATENISTAS DE CAMPINAS-SP,VETERANO 55 MAS,1,1,0,0,0,,
1,CLAUDIO MASSAD,SESI-SP/INSTITUTO MATOSTT,Classe 10 (MAS),80,20,20,20,20,,
1,LUCAS FONSECA SEGREGIO,SANTO ANDRÉ / ADSA  - SP,Classe 09 (MAS),70,20,20,20,10,,
1,CESAR GAMERO VALÉRIO SILVA,ASSOCIAÇÃO CULTURAL NIPO BRASILEIRA DE SÃO CAETANO DO SUL/BUNKA-SP,Classe 08 (MAS),68,14,14,20,20,,
1,ANDERSON ARAÚJO DOS SANTOS,ESPORTE CLUBE PRAIA GRANDE - SP,Classe 03 (MAS),60,20,20,0,20,,
1,PAULO CESAR DE OLIVEIRA,SANTO ANDRÉ / ADSA  - SP,Classe 04 (MAS),60,20,20,0,20,,
1,ALINE MENESES FERREIRA,CLUBE INCLUSIVO /INSTITUTO AJINOMOTO - SP,Classe 07 (FEM),60,20,20,20,0,,
1,TIAGO DE FREITAS,SANTO ANDRÉ / ADSA  - SP,Classe 02 (MAS),54,14,20,0,20,,
1,PAULO SÉRGIO SALMIN FILHO,SESI-SP/INSTITUTO MATOSTT,Classe 07 (MAS),54,0,20,20,14,,
2,BRUNO KAZUO MUNE,ACADEMIA DUNAMIS DE TÊNIS DE MESA-SP,Classe 08 (MAS),44,10,10,14,10,,
1,JAQUELINE DE CASTRO ISHIDA,CLUBE INCLUSIVO /INSTITUTO AJINOMOTO - SP,Classe 10 (FEM),44,20,14,10,0,,
1,FELIPE AMORIM DE OLIVEIRA,CLUBE INCLUSIVO /INSTITUTO AJINOMOTO - SP,Classe 06 (MAS),40,20,0,20,0,,
3,LUIZ FILIPE GUARNIERI MANARA,ASSOCIAÇÃO DESPORTIVA E CULTURAL ARTE DA LUTA - SP,Classe 08 (MAS),40,20,20,0,0,,
1,DANIELLE RAUEN,SESI-SP/INSTITUTO MATOSTT,Classe 09 (FEM),40,0,20,20,0,,
2,ITALO MARTINS DE ARAUJO,ASSOCIAÇÃO CULTURAL NIPO BRASILEIRA DE SÃO CAETANO DO SUL/BUNKA-SP,Classe 03 (MAS),38,14,14,0,10,,
2,JOÃO PEDRO MARTINS NARVAIS,ESPORTE CLUBE PRAIA GRANDE - SP,Classe 07 (MAS),38,14,10,14,0,,
4,MATEUS ITIKAWA PIRK,SOCIEDADE ESPORTIVA PALMEIRAS-SP,Classe 08 (MAS),37,10,7,10,10,,
3,ANDRÉ.GONÇALVES DOS SANTOS,SESI-SP/INSTITUTO MATOSTT,Classe 03 (MAS),34,10,10,0,14,,
2,LUIZ HENRIQUE MEDINA,CLUBE DE TÊNIS DE MESA ALVES TT/CAIEIRAS - SP,Classe 06 (MAS),34,14,20,0,0,,
2,CÉSAR AUGUSTO GOUVEA MEGDA,ASSOCIAÇÃO DOS SERVIDORES MUNICIPAIS DE RIBEIRÃO PRETO - SP,Classe 06 (MAS),34,0,14,0,20,,
2,CARLOS ALBERTO  OLIVEIRA  MARTIN,INST. FAIR PLAY DE DESENVOLVIMENTO ESPORTIVO-SP,Classe 09 (MAS),30,0,10,0,20,,
2,MANUELA LIMA,SOCIEDADE ESPORTIVA PALMEIRAS-SP,Classe 10 (FEM),30,10,10,10,0,,
2,IVANILDO PESSOA FREITAS,ACADEMIA DUNAMIS DE TÊNIS DE MESA-SP,Classe 04 (MAS),28,14,14,0,0,,
3,PEDRO DE MATTOS MARTINS,CR SALDANHA DA GAMA/SANTA CECÍLIA/FUPES - SP,Classe 07 (MAS),24,10,0,7,7,,
5,MATHEUS DUTRA BARSOTTI DE FREITAS,CR SALDANHA DA GAMA/SANTA CECÍLIA/FUPES - SP,Classe 08 (MAS),24,0,10,0,14,,
3,GUSTAVO DE SOUZA ROSSI,SOCIEDADE ESPORTIVA PALMEIRAS-SP,Classe 09 (MAS),24,14,10,0,0,,
1,CÁTIA CRISTINA DA SILVA OLIVEIRA,SESI-SP/INSTITUTO MATOSTT - SP,Classe 02 (FEM),20,0,0,20,0,,
2,ANDERSON MIRANDA DA SILVA,ACADEMIA DE TÊNIS DE MESA LIFE PONG - SP,Classe 02 (MAS),20,20,0,0,0,,
1,JOYCE FERNANDA DE OLIVEIRA QUINZOTE,SESI-SP/INSTITUTO MATOSTT - SP,Classe 03 (FEM),20,0,0,20,0,,
1,RAIZA FRANCISCA FARIAS PEREIRA DA SILVA,ASSOC. NOVA ERA DE T.M.-SP,Classe 05 (FEM),20,0,0,20,0,,
1,JEFFERSON TEIXEIRA MARTINS,KOSMOS CLUBE - SP,Classe 05 (MAS),20,20,0,0,0,,
4,DEMÉTRIUS JOSÉ BARROS REIS,SESI-SP/INSTITUTO MATOSTT - SP,Classe 07 (MAS),20,0,0,10,10,,
4,PAULO HENRIQUE GONÇALVES FONSECA,SESI-SP/INSTITUTO MATOSTT - SP,Classe 07 (MAS),20,0,0,0,20,,
1,KAYNAN WILLIANS CAPELLO DE SOUZA,ESPORTE CLUBE PRAIA GRANDE - SP,Classe 11 (MAS),20,0,0,0,20,,
2,ANDREW GUILHERME DOS SANTOS,ESPORTE CLUBE PRAIA GRANDE - SP,Classe 05 (MAS),17,0,10,0,7,,
6,FRANKLIN ROBERTO DOS SANTOS ALVES,ESPORTE CLUBE PRAIA GRANDE - SP,Classe 07 (MAS),14,0,14,0,0,,
4,GUILHERME RIGGIO IFANGER,POWER PONG TM/ASSOCIAÇÃO DOS MESATENISTAS DE CAMPINAS-SP,Classe 09 (MAS),14,0,0,0,14,,
4,JOÃO PEDRO RIBEIRO POSSAS,ESPORTE CLUBE PRAIA GRANDE - SP,Classe 09 (MAS),14,0,14,0,0,,
2,JOAO VICTOR ALONSO VALESE MARINI,ASSOCIAÇÃO DOS SERVIDORES MUNICIPAIS DE RIBEIRÃO PRETO - SP,Classe 10 (MAS),14,0,7,0,7,,
2,ALEXANDRE LAZARIM CALDEIRA,ARAÇA PONG / SMELR ARAÇATUBA – SP,Classe 10 (MAS),14,0,14,0,0,,
2,RYAN VICTOR SALDANHA SANTOS,CR SALDANHA DA GAMA/SANTA CECÍLIA/FUPES - SP,Classe 10 (MAS),14,14,0,0,0,,
2,DAVI SILVA CALAZANS,TÊNIS DE MESA CASA VERDE-MI-SP,Classe 11 (MAS),14,0,0,0,14,,
7,JOÃO PEDRO MARTINS NARVAIS,ESPORTE CLUBE PRAIA GRANDE - SP,Classe 07 (MAS),10,0,0,0,10,,
5,ANAEL SILVA DUARTE,ESPORTE CLUBE PRAIA GRANDE - SP,Classe 10 (MAS),10,0,10,0,0,,
5,EDNEI CARLOS DA SILVA,ARAÇA PONG / SMELR ARAÇATUBA – SP,Classe 10 (MAS),10,0,10,0,0,,
3,MATHEUS CANDIDO DE SOUZA,SANTO ANDRÉ / ADSA  - SP,Classe 11 (MAS),10,0,0,0,10,,
8,MARLISON HENRIQUE DA SILVA ALFAIA,ESPORTE CLUBE PRAIA GRANDE - SP,Classe 07 (MAS),7,0,0,0,7,,
1,SESI-SP/INSTITUTO MATOSTT,SESI-SP/INSTITUTO MATOSTT,A- EFICIENCIA PARALIMPICO,288,30,70,110,78,,
2,ESPORTE CLUBE PRAIA GRANDE - SP,ESPORTE CLUBE PRAIA GRANDE - SP,A- EFICIENCIA PARALIMPICO,200,34,78,14,74,,
3,SANTO ANDRÉ / ADSA  - SP,SANTO ANDRÉ / ADSA  - SP,A- EFICIENCIA PARALIMPICO,194,54,60,20,60,,
4,CLUBE INCLUSIVO /INSTITUTO AJINOMOTO - SP,CLUBE INCLUSIVO /INSTITUTO AJINOMOTO - SP,A- EFICIENCIA PARALIMPICO,144,60,34,50,0,,
5,ASSOCIAÇÃO CULTURAL NIPO BRASILEIRA DE SÃO CAETANO DO SUL/BUNKA-SP,ASSOCIAÇÃO CULTURAL NIPO BRASILEIRA DE SÃO CAETANO DO SUL/BUNKA-SP,A- EFICIENCIA PARALIMPICO,96,28,28,20,20,,
6,SOCIEDADE ESPORTIVA PALMEIRAS-SP,SOCIEDADE ESPORTIVA PALMEIRAS-SP,A- EFICIENCIA PARALIMPICO,91,34,27,20,10,,
7,ACADEMIA DUNAMIS DE TÊNIS DE MESA-SP,ACADEMIA DUNAMIS DE TÊNIS DE MESA-SP,A- EFICIENCIA PARALIMPICO,72,24,24,14,10,,
8,CR SALDANHA DA GAMA/SANTA CECÍLIA/FUPES - SP,CR SALDANHA DA GAMA/SANTA CECÍLIA/FUPES - SP,A- EFICIENCIA PARALIMPICO,65,24,10,10,21,,
9,ASSOCIAÇÃO DESPORTIVA E CULTURAL ARTE DA LUTA - SP,ASSOCIAÇÃO DESPORTIVA E CULTURAL ARTE DA LUTA - SP,A- EFICIENCIA PARALIMPICO,40,20,20,0,0,,
10,ASSOCIAÇÃO DOS SERVIDORES MUNICIPAIS DE RIBEIRÃO PRETO - SP,ASSOCIAÇÃO DOS SERVIDORES MUNICIPAIS DE RIBEIRÃO PRETO - SP,A- EFICIENCIA PARALIMPICO,35,0,21,0,14,,
11,CLUBE DE TÊNIS DE MESA ALVES TT/CAIEIRAS - SP,CLUBE DE TÊNIS DE MESA ALVES TT/CAIEIRAS - SP,A- EFICIENCIA PARALIMPICO,34,14,20,0,0,,
12,INST. FAIR PLAY DE DESENVOLVIMENTO ESPORTIVO-SP,INST. FAIR PLAY DE DESENVOLVIMENTO ESPORTIVO-SP,A- EFICIENCIA PARALIMPICO,30,0,10,0,20,,
13,ARAÇA PONG / SMELR ARAÇATUBA – SP,ARAÇA PONG / SMELR ARAÇATUBA – SP,A- EFICIENCIA PARALIMPICO,24,0,24,0,0,,
14,ACADEMIA DE TÊNIS DE MESA LIFE PONG - SP,ACADEMIA DE TÊNIS DE MESA LIFE PONG - SP,A- EFICIENCIA PARALIMPICO,20,20,0,0,0,,
14,KOSMOS CLUBE - SP,KOSMOS CLUBE - SP,A- EFICIENCIA PARALIMPICO,20,20,0,0,0,,
16,TÊNIS DE MESA CASA VERDE-MI-SP,TÊNIS DE MESA CASA VERDE-MI-SP,A- EFICIENCIA PARALIMPICO,14,0,0,0,14,,
16,POWER PONG TM/ASSOCIAÇÃO DOS MESATENISTAS DE CAMPINAS-SP,POWER PONG TM/ASSOCIAÇÃO DOS MESATENISTAS DE CAMPINAS-SP,A- EFICIENCIA PARALIMPICO,14,0,0,0,14,,
18,ASSOC. NOVA ERA DE T.M.-SP,ASSOC. NOVA ERA DE T.M.-SP,A- EFICIENCIA PARALIMPICO,10,0,0,10,0,,
1,TEAM MANCINI -SP,TEAM MANCINI -SP,A- EFICIENCIA OLIMPICO,1418,315,458,351,294,,
2,ASSOCIAÇÃO CULTURAL NIPO BRASILEIRA DE SÃO CAETANO DO SUL/BUNKA-SP,ASSOCIAÇÃO CULTURAL NIPO BRASILEIRA DE SÃO CAETANO DO SUL/BUNKA-SP,A- EFICIENCIA OLIMPICO,1144,299,349,189,307,,
3,YARA CLUBE/ACADEMIA NELSON MACHADO/SELJ-MARÍLIA-SP,YARA CLUBE/ACADEMIA NELSON MACHADO/SELJ-MARÍLIA-SP,A- EFICIENCIA OLIMPICO,980,180,156,442,202,,
4,SANTO ANDRÉ / ADSA  - SP,SANTO ANDRÉ / ADSA  - SP,A- EFICIENCIA OLIMPICO,748,215,167,103,263,,
5,ITAIM KEIKO / JJYAMADA - SP,ITAIM KEIKO / JJYAMADA - SP,A- EFICIENCIA OLIMPICO,618,200,114,98,206,,
6,ACEMV / PREFEITURA DE VOTORANTIM / SEDESP-SP,ACEMV / PREFEITURA DE VOTORANTIM / SEDESP-SP,A- EFICIENCIA OLIMPICO,441,113,95,109,124,,
7,SESI-SP/INSTITUTO MATOSTT - SP,SESI-SP/INSTITUTO MATOSTT - SP,A- EFICIENCIA OLIMPICO,437,123,129,88,97,,
8,MASTER PONG TT ACADEMIA-SP,MASTER PONG TT ACADEMIA-SP,A- EFICIENCIA OLIMPICO,417,150,81,74,112,,
9,CR SALDANHA DA GAMA/SANTA CECÍLIA/FUPES - SP,CR SALDANHA DA GAMA/SANTA CECÍLIA/FUPES - SP,A- EFICIENCIA OLIMPICO,400,78,130,91,101,,
10,POWER PONG-SP,POWER PONG-SP,A- EFICIENCIA OLIMPICO,399,104,119,73,103,,
11,NEW PONG ACADEMIA DE TÊNIS DE MESA/SJRP-SP,NEW PONG ACADEMIA DE TÊNIS DE MESA/SJRP-SP,A- EFICIENCIA OLIMPICO,380,99,82,192,7,,
12,ASSOCIAÇÃO DESPORTIVA CENTRO OLÍMPICO-SP,ASSOCIAÇÃO DESPORTIVA CENTRO OLÍMPICO-SP,A- EFICIENCIA OLIMPICO,374,0,0,187,187,,
13,CLUBE ITUANO DE ESPORTES-SP,CLUBE ITUANO DE ESPORTES-SP,A- EFICIENCIA OLIMPICO,351,79,96,88,88,,
14,SOCIEDADE ESPORTIVA PALMEIRAS-SP,SOCIEDADE ESPORTIVA PALMEIRAS-SP,A- EFICIENCIA OLIMPICO,344,63,103,106,72,,
15,ESPORTE CLUBE PRAIA GRANDE - SP,ESPORTE CLUBE PRAIA GRANDE - SP,A- EFICIENCIA OLIMPICO,336,122,83,54,77,,
16,ASSOC.JAUENSE DE T.M./PREFEITURA DE JAÚ-SP,ASSOC.JAUENSE DE T.M./PREFEITURA DE JAÚ-SP,A- EFICIENCIA OLIMPICO,280,30,81,88,81,,
17,CLUBE DE TÊNIS DE MESA JACAREÍ - SP,CLUBE DE TÊNIS DE MESA JACAREÍ - SP,A- EFICIENCIA OLIMPICO,272,91,65,58,58,,
18,ASSOCIAÇÃO ATLÉTICA SALTENSE-SP,ASSOCIAÇÃO ATLÉTICA SALTENSE-SP,A- EFICIENCIA OLIMPICO,255,65,37,92,61,,
19,ASSOCIAÇÃO ESPORTIVA RECREATIVA ATEME-SP,ASSOCIAÇÃO ESPORTIVA RECREATIVA ATEME-SP,A- EFICIENCIA OLIMPICO,247,102,105,40,0,,
20,ASSOC. NOVA ERA DE T.M.-SP,ASSOC. NOVA ERA DE T.M.-SP,A- EFICIENCIA OLIMPICO,240,30,31,110,69,,
21,ASSOCIAÇÃO NIKKEY SÃO JOSÉ DOS CAMPOS - SP,ASSOCIAÇÃO NIKKEY SÃO JOSÉ DOS CAMPOS - SP,A- EFICIENCIA OLIMPICO,232,89,58,44,41,,
22,ACADEMIA DE TÊNIS DE MESA LIFE PONG - SP,ACADEMIA DE TÊNIS DE MESA LIFE PONG - SP,A- EFICIENCIA OLIMPICO,220,81,47,20,72,,
23,ASSOCIAÇÃO OURINHENSE DE BEM ESTAR-SP,ASSOCIAÇÃO OURINHENSE DE BEM ESTAR-SP,A- EFICIENCIA OLIMPICO,162,30,42,30,60,,
24,ASSOCIAÇÃO RCTM - SP,ASSOCIAÇÃO RCTM - SP,A- EFICIENCIA OLIMPICO,155,42,55,37,21,,
25,ASSOCIAÇÃO CULTURAL E DESPORTIVA DE ASSIS - SP,ASSOCIAÇÃO CULTURAL E DESPORTIVA DE ASSIS - SP,A- EFICIENCIA OLIMPICO,136,0,27,89,20,,
26,TÊNIS DE MESA CASA VERDE-MI-SP,TÊNIS DE MESA CASA VERDE-MI-SP,A- EFICIENCIA OLIMPICO,126,34,44,0,48,,
27,KOSMOS CLUBE - SP,KOSMOS CLUBE - SP,A- EFICIENCIA OLIMPICO,116,21,50,28,17,,
28,ACADEMIA DUNAMIS DE TÊNIS DE MESA-SP,ACADEMIA DUNAMIS DE TÊNIS DE MESA-SP,A- EFICIENCIA OLIMPICO,115,80,28,0,7,,
29,AABB-SANTOS-SP,AABB-SANTOS-SP,A- EFICIENCIA OLIMPICO,114,0,42,42,30,,
30,M2TM CENTRO DE TREINAMENTO DE TÊNIS DE MESA-SP,M2TM CENTRO DE TREINAMENTO DE TÊNIS DE MESA-SP,A- EFICIENCIA OLIMPICO,98,17,47,0,34,,
31,TIME JUNDIAÍ - SP,TIME JUNDIAÍ - SP,A- EFICIENCIA OLIMPICO,92,51,17,24,0,,
32,ACEAS NIKKEI SUZANO - SP,ACEAS NIKKEI SUZANO - SP,A- EFICIENCIA OLIMPICO,88,31,47,10,0,,
33,JAU PONG TÊNIS DE MESA LTDA-SP,JAU PONG TÊNIS DE MESA LTDA-SP,A- EFICIENCIA OLIMPICO,84,0,42,42,0,,
33,TOP SPIN BRASIL ACADEMY TENIS DE MESA LTDA-SP,TOP SPIN BRASIL ACADEMY TENIS DE MESA LTDA-SP,A- EFICIENCIA OLIMPICO,84,0,28,14,42,,
35,ASSOCIAÇÃO CULTURAL E ASSISTENCIAL MIE KENJIN DO BRASIL-SP,ASSOCIAÇÃO CULTURAL E ASSISTENCIAL MIE KENJIN DO BRASIL-SP,A- EFICIENCIA OLIMPICO,82,34,17,0,31,,
36,ASSOCIAÇÃO ATLÉTICA PONTE PRETA COUNTRY CLUB-SP,ASSOCIAÇÃO ATLÉTICA PONTE PRETA COUNTRY CLUB-SP,A- EFICIENCIA OLIMPICO,81,20,34,0,27,,
37,UNASP ENGENHEIRO COELHO - SP,UNASP ENGENHEIRO COELHO - SP,A- EFICIENCIA OLIMPICO,80,20,20,20,20,,
38,CERÂMICA CLUBE - SP,CERÂMICA CLUBE - SP,A- EFICIENCIA OLIMPICO,78,30,34,0,14,,
39,AFE ARARAQUARA-SP,AFE ARARAQUARA-SP,A- EFICIENCIA OLIMPICO,69,24,28,10,7,,
40,ASSOCIAÇÃO DESPORTIVA E CULTURAL ARTE DA LUTA - SP,ASSOCIAÇÃO DESPORTIVA E CULTURAL ARTE DA LUTA - SP,A- EFICIENCIA OLIMPICO,63,0,21,21,21,,
41,INST. FAIR PLAY DE DESENVOLVIMENTO ESPORTIVO-SP,INST. FAIR PLAY DE DESENVOLVIMENTO ESPORTIVO-SP,A- EFICIENCIA OLIMPICO,44,0,17,0,27,,
42,ASSOCIAÇAO DOS MESATENISTAS DE TAUBATÉ - SP,ASSOCIAÇAO DOS MESATENISTAS DE TAUBATÉ - SP,A- EFICIENCIA OLIMPICO,35,0,21,7,7,,
43,"INSTITUTO SOCIAL, CULTURAL E ESPORTIVO DE SERTÃOZINHO-SP","INSTITUTO SOCIAL, CULTURAL E ESPORTIVO DE SERTÃOZINHO-SP",A- EFICIENCIA OLIMPICO,34,0,0,34,0,,
44,CLUBE DE TÊNIS DE MESA DE PINDAMONHANGABA - SP,CLUBE DE TÊNIS DE MESA DE PINDAMONHANGABA - SP,A- EFICIENCIA OLIMPICO,24,17,7,0,0,,
45,UCEG-UNIÃO CULTURAL E ESPORTIVA GUARULHENSE-SP,UCEG-UNIÃO CULTURAL E ESPORTIVA GUARULHENSE-SP,A- EFICIENCIA OLIMPICO,21,0,0,21,0,,
45,BERTIOGA TÊNIS DE MESA - SP,BERTIOGA TÊNIS DE MESA - SP,A- EFICIENCIA OLIMPICO,21,0,0,0,21,,
47,NOSSO CLUBE DE LIMEIRA-SP,NOSSO CLUBE DE LIMEIRA-SP,A- EFICIENCIA OLIMPICO,20,0,20,0,0,,
48,ARAÇA PONG / SMELR ARAÇATUBA – SP,ARAÇA PONG / SMELR ARAÇATUBA – SP,A- EFICIENCIA OLIMPICO,7,0,0,7,0,,
49,ASSOCIAÇÃO DOS SERVIDORES MUNICIPAIS DE RIBEIRÃO PRETO - SP,ASSOCIAÇÃO DOS SERVIDORES MUNICIPAIS DE RIBEIRÃO PRETO - SP,A- EFICIENCIA OLIMPICO,0,0,0,0,0,,
49,CLUBE DE CAMPO DE PIRACICABA-CCP-SP,CLUBE DE CAMPO DE PIRACICABA-CCP-SP,A- EFICIENCIA OLIMPICO,0,0,0,0,0,,
49,CLUBE DE TÊNIS DE MESA ALVES TT/CAIEIRAS - SP,CLUBE DE TÊNIS DE MESA ALVES TT/CAIEIRAS - SP,A- EFICIENCIA OLIMPICO,0,0,0,0,0,,
49,ASSOCIACAO BETHEL DE BOTUCATU-SP,ASSOCIACAO BETHEL DE BOTUCATU-SP,A- EFICIENCIA OLIMPICO,0,0,0,0,0,,